claim_id,company_id,company,claim,value,evidence,source,confidence,kind,method,record_ids,depends_on,external_ref
C0001.01,C0001,Braxvane Fire & Life Safety,name,Braxvane Fire & Life Safety,operating name chosen by trust-weighted vote over 4 record(s); spelled 'Braxvane Fire & Life Safety' in ASN-0001,"business_registry, state_license, trade_association, web_listing",confirmed,observed,source_field,ASN-0001 LIC-0033 REG-0039 WEB-0003,,
C0001.02,C0001,Braxvane Fire & Life Safety,location,"Bramview, PA",4 of 4 record(s) place the company in PA,"business_registry, state_license, trade_association, web_listing",confirmed,observed,source_field,ASN-0001 LIC-0033 REG-0039 WEB-0003,,
C0001.03,C0001,Braxvane Fire & Life Safety,entity_resolution,4 record(s) from 4 source(s),"merged pairs: LIC-0033~REG-0039 (name 100, same ZIP); ASN-0001~REG-0039 (name 100); REG-0039~WEB-0003 (name 100); ASN-0001~LIC-0033 (name 100); LIC-0033~WEB-0003 (name 100); +1 more","business_registry, state_license, trade_association, web_listing",strong,observed,entity_resolution,ASN-0001 LIC-0033 REG-0039 WEB-0003,,
C0001.04,C0001,Braxvane Fire & Life Safety,legal_name,"Braxvane Fire & Life Safety, L.L.C.",name with legal suffix as printed in LIC-0033,"business_registry, state_license",confirmed,observed,source_field,LIC-0033 REG-0039,,
C0001.05,C0001,Braxvane Fire & Life Safety,naics_code,541350,NAICS 541350 (in thesis list),business_registry,confirmed,observed,source_field,REG-0039,,
C0001.06,C0001,Braxvane Fire & Life Safety,license,Fire Protection Inspector (Active),"LIC-0033: 'Fire Protection Inspector', status Active",state_license,confirmed,observed,source_field,LIC-0033,,
C0001.07,C0001,Braxvane Fire & Life Safety,services_listed,Fire safety inspection service; annual testing; fire and life safety inspections; deficiency repairs; code compliance reports; fire and life safety inspections; maintenance agreements,service and category text from 2 record(s),"trade_association, web_listing",strong,observed,source_field,ASN-0001 WEB-0003,,
C0001.08,C0001,Braxvane Fire & Life Safety,fit_tier,A,A (verified): sector license 'Fire Protection Inspector',derived,strong,derived,keyword_rule,,C0001.06,
C0001.09,C0001,Braxvane Fire & Life Safety,segment,inspection,segment keyword hits: inspection 4,derived,inferred,derived,keyword_count,,C0001.07 C0001.06 C0001.01,
C0001.10,C0001,Braxvane Fire & Life Safety,service_mix,recurring_heavy,"recurring terms ['inspection', 'testing', 'maintenance'] vs install terms none",derived,inferred,derived,keyword_count,,C0001.07,
C0001.11,C0001,Braxvane Fire & Life Safety,size_signal:licensed_technicians,31,LIC-0033 reports licensed technicians 31 -> at least 39-124 employees (weight 0.6),state_license,strong,observed,size_signal,LIC-0033,,
C0001.12,C0001,Braxvane Fire & Life Safety,employees_range,39-124,1 signal(s); midpoint 69; size confidence low,derived,weak,derived,weighted_geometric_mean,,C0001.11,
C0001.13,C0001,Braxvane Fire & Life Safety,ebitda_estimate,1516150,"69 employees x $136k revenue/employee (inspection) x 16.1% margin (recurring_heavy) = $1.52M median; 95% range $0.58M-$3.97M (sigma 0.49, endpoints)",derived,weak,derived,lognormal_model,,C0001.12 C0001.09 C0001.10,
C0001.14,C0001,Braxvane Fire & Life Safety,p_ebitda_ge_min,0.802,"log-normal(mu=14.23, sigma=0.49): P(EBITDA >= $1.00M)",derived,weak,derived,lognormal_model,,C0001.13,
C0001.15,C0001,Braxvane Fire & Life Safety,p_ebitda_in_band,0.794,"log-normal(mu=14.23, sigma=0.49): P($1.00M <= EBITDA <= $5.00M)",derived,weak,derived,lognormal_model,,C0001.13,
C0001.16,C0001,Braxvane Fire & Life Safety,presence:commercial_db_a,not found,no same-state listing reached 90; best score 53,commercial_db_a,inferred,external,fuzzy_name_match,,,query: Braxvane Fire & Life Safety (PA)
C0001.17,C0001,Braxvane Fire & Life Safety,presence:commercial_db_b,not found,no same-state listing reached 90; best score 53,commercial_db_b,inferred,external,fuzzy_name_match,,,query: Braxvane Fire & Life Safety (PA)
C0001.18,C0001,Braxvane Fire & Life Safety,presence:investor_db,not found,no same-state listing reached 90; best score 40,investor_db,inferred,external,fuzzy_name_match,,,query: Braxvane Fire & Life Safety (PA)
C0001.19,C0001,Braxvane Fire & Life Safety,obviousness,0,(0.35xcommercial_db_a(0) + 0.30xcommercial_db_b(0) + 0.25xinvestor_db(0) + 0.10x website(0)) / total weight = 0.00; non-obvious (cut-off 0.30),derived,inferred,derived,weighted_presence,,C0001.16 C0001.17 C0001.18,
C0001.20,C0001,Braxvane Fire & Life Safety,screen,excluded: out_of_geography,state PA vs thesis states; fit tier A; exclusions: out_of_geography,derived,inferred,derived,scope_rules,,C0001.02 C0001.08,
C0002.01,C0002,Ruskwyn Fire Alarm,name,Ruskwyn Fire Alarm,operating name chosen by trust-weighted vote over 4 record(s); spelled 'Ruskwyn Fire Alarm' in ASN-0002,"business_registry, state_license, trade_association, web_listing",confirmed,observed,source_field,ASN-0002 LIC-0012 REG-0031 WEB-0038,,
C0002.02,C0002,Ruskwyn Fire Alarm,location,"Larkton, IN",4 of 4 record(s) place the company in IN,"business_registry, state_license, trade_association, web_listing",confirmed,observed,source_field,ASN-0002 LIC-0012 REG-0031 WEB-0038,,
C0002.03,C0002,Ruskwyn Fire Alarm,entity_resolution,4 record(s) from 4 source(s),"merged pairs: LIC-0012~REG-0031 (name 100, same ZIP); ASN-0002~REG-0031 (name 100); REG-0031~WEB-0038 (name 100); ASN-0002~LIC-0012 (name 100, same phone); LIC-0012~WEB-0038 (name 100, same phone); +1 more","business_registry, state_license, trade_association, web_listing",strong,observed,entity_resolution,ASN-0002 LIC-0012 REG-0031 WEB-0038,,
C0002.04,C0002,Ruskwyn Fire Alarm,legal_name,"Pellfield Holdings, LLC",name with legal suffix as printed in REG-0031,business_registry,strong,observed,source_field,REG-0031,,
C0002.05,C0002,Ruskwyn Fire Alarm,website,ruskwynalarmin.example,website listed in 1 record(s),web_listing,strong,observed,source_field,WEB-0038,,
C0002.06,C0002,Ruskwyn Fire Alarm,naics_code,238210,NAICS 238210 (in thesis list),business_registry,confirmed,observed,source_field,REG-0031,,
C0002.07,C0002,Ruskwyn Fire Alarm,license,Fire Alarm Contractor (Active),"LIC-0012: 'Fire Alarm Contractor', status Active",state_license,confirmed,observed,source_field,LIC-0012,,
C0002.08,C0002,Ruskwyn Fire Alarm,services_listed,Fire alarm contractor; alarm monitoring; fire alarm installation; notification appliances; design-build installation; emergency lighting; notification appliances,service and category text from 2 record(s),"trade_association, web_listing",strong,observed,source_field,ASN-0002 WEB-0038,,
C0002.09,C0002,Ruskwyn Fire Alarm,fit_tier,A,A (verified): sector license 'Fire Alarm Contractor',derived,strong,derived,keyword_rule,,C0002.07,
C0002.10,C0002,Ruskwyn Fire Alarm,segment,alarm,segment keyword hits: alarm 4.5,derived,inferred,derived,keyword_count,,C0002.08 C0002.07 C0002.01,
C0002.11,C0002,Ruskwyn Fire Alarm,service_mix,install_heavy,"recurring terms ['monitoring'] vs install terms ['installation', 'design-build']",derived,inferred,derived,keyword_count,,C0002.08,
C0002.12,C0002,Ruskwyn Fire Alarm,size_signal:licensed_technicians,16,LIC-0012 reports licensed technicians 16 -> at least 20-64 employees (weight 0.6),state_license,strong,observed,size_signal,LIC-0012,,
C0002.13,C0002,Ruskwyn Fire Alarm,employees_range,20-64,1 signal(s); midpoint 36; size confidence low,derived,weak,derived,weighted_geometric_mean,,C0002.12,
C0002.14,C0002,Ruskwyn Fire Alarm,ebitda_estimate,541784,"36 employees x $165k revenue/employee (alarm) x 9.2% margin (install_heavy) = $0.54M median; 95% range $0.20M-$1.50M (sigma 0.52, endpoints)",derived,weak,derived,lognormal_model,,C0002.13 C0002.10 C0002.11,
C0002.15,C0002,Ruskwyn Fire Alarm,p_ebitda_ge_min,0.119,"log-normal(mu=13.20, sigma=0.52): P(EBITDA >= $1.00M)",derived,weak,derived,lognormal_model,,C0002.14,
C0002.16,C0002,Ruskwyn Fire Alarm,p_ebitda_in_band,0.119,"log-normal(mu=13.20, sigma=0.52): P($1.00M <= EBITDA <= $5.00M)",derived,weak,derived,lognormal_model,,C0002.14,
C0002.17,C0002,Ruskwyn Fire Alarm,presence:commercial_db_a,not found,no same-state listing reached 90; best score 38,commercial_db_a,inferred,external,fuzzy_name_match,,,query: Ruskwyn Fire Alarm (IN)
C0002.18,C0002,Ruskwyn Fire Alarm,presence:commercial_db_b,not found,no same-state listing reached 90; best score 38,commercial_db_b,inferred,external,fuzzy_name_match,,,query: Ruskwyn Fire Alarm (IN)
C0002.19,C0002,Ruskwyn Fire Alarm,presence:investor_db,not found,no same-state listing reached 90; best score 35,investor_db,inferred,external,fuzzy_name_match,,,query: Ruskwyn Fire Alarm (IN)
C0002.20,C0002,Ruskwyn Fire Alarm,obviousness,0.1,(0.35xcommercial_db_a(0) + 0.30xcommercial_db_b(0) + 0.25xinvestor_db(0) + 0.10x website(1)) / total weight = 0.10; non-obvious (cut-off 0.30),derived,inferred,derived,weighted_presence,,C0002.17 C0002.18 C0002.19 C0002.05,
C0002.21,C0002,Ruskwyn Fire Alarm,screen,in scope,state IN vs thesis states; fit tier A; passes every screen,derived,inferred,derived,scope_rules,,C0002.02 C0002.09,
C0003.01,C0003,Heskcrest Fire Safety Services,name,Heskcrest Fire Safety Services,operating name chosen by trust-weighted vote over 4 record(s); spelled 'Heskcrest Fire Safety Services' in ASN-0003,"business_registry, state_license, trade_association",confirmed,observed,source_field,ASN-0003 LIC-0032 REG-0036,,
C0003.02,C0003,Heskcrest Fire Safety Services,location,"Glenfield, NE",4 of 4 record(s) place the company in NE,"business_registry, state_license, trade_association, web_listing",confirmed,observed,source_field,ASN-0003 LIC-0032 REG-0036 WEB-0024,,
C0003.03,C0003,Heskcrest Fire Safety Services,entity_resolution,4 record(s) from 4 source(s),"merged pairs: LIC-0032~REG-0036 (name 100, same ZIP); REG-0036~WEB-0024 (name 92, same ZIP); LIC-0032~WEB-0024 (name 92, same ZIP); ASN-0003~REG-0036 (name 100); ASN-0003~LIC-0032 (name 100); +1 more","business_registry, state_license, trade_association, web_listing",strong,observed,entity_resolution,ASN-0003 LIC-0032 REG-0036 WEB-0024,,
C0003.04,C0003,Heskcrest Fire Safety Services,legal_name,Heskcrest Fire Safety Services Inc.,name with legal suffix as printed in LIC-0032,"business_registry, state_license",confirmed,observed,source_field,LIC-0032 REG-0036,,
C0003.05,C0003,Heskcrest Fire Safety Services,website,heskcrestfiresafety.example,website listed in 2 record(s),"trade_association, web_listing",confirmed,observed,source_field,ASN-0003 WEB-0024,,
C0003.06,C0003,Heskcrest Fire Safety Services,naics_code,541350,NAICS 541350 (in thesis list),business_registry,confirmed,observed,source_field,REG-0036,,
C0003.07,C0003,Heskcrest Fire Safety Services,license,Fire Protection Inspector (Active),"LIC-0032: 'Fire Protection Inspector', status Active",state_license,confirmed,observed,source_field,LIC-0032,,
C0003.08,C0003,Heskcrest Fire Safety Services,services_listed,Fire safety inspection service; code compliance reports; deficiency repairs; annual testing; installation and service; fire and life safety inspections; deficiency repairs,service and category text from 2 record(s),"trade_association, web_listing",strong,observed,source_field,ASN-0003 WEB-0024,,
C0003.09,C0003,Heskcrest Fire Safety Services,ownership,parent-owned,REG-0036 lists parent entity 'Parent Entity 02 (synthetic)',business_registry,confirmed,observed,source_field,REG-0036,,
C0003.10,C0003,Heskcrest Fire Safety Services,fit_tier,A,A (verified): sector license 'Fire Protection Inspector',derived,strong,derived,keyword_rule,,C0003.07,
C0003.11,C0003,Heskcrest Fire Safety Services,segment,inspection,segment keyword hits: inspection 4,derived,inferred,derived,keyword_count,,C0003.08 C0003.07 C0003.01,
C0003.12,C0003,Heskcrest Fire Safety Services,service_mix,recurring_heavy,"recurring terms ['inspection', 'testing'] vs install terms ['installation']",derived,inferred,derived,keyword_count,,C0003.08,
C0003.13,C0003,Heskcrest Fire Safety Services,size_signal:licensed_technicians,19,LIC-0032 reports licensed technicians 19 -> at least 24-76 employees (weight 0.6),state_license,strong,observed,size_signal,LIC-0032,,
C0003.14,C0003,Heskcrest Fire Safety Services,employees_range,24-76,1 signal(s); midpoint 42; size confidence low,derived,weak,derived,weighted_geometric_mean,,C0003.13,
C0003.15,C0003,Heskcrest Fire Safety Services,ebitda_estimate,929253,"42 employees x $136k revenue/employee (inspection) x 16.1% margin (recurring_heavy) = $0.93M median; 95% range $0.36M-$2.43M (sigma 0.49, endpoints)",derived,weak,derived,lognormal_model,,C0003.14 C0003.11 C0003.12,
C0003.16,C0003,Heskcrest Fire Safety Services,p_ebitda_ge_min,0.441,"log-normal(mu=13.74, sigma=0.49): P(EBITDA >= $1.00M)",derived,weak,derived,lognormal_model,,C0003.15,
C0003.17,C0003,Heskcrest Fire Safety Services,p_ebitda_in_band,0.44,"log-normal(mu=13.74, sigma=0.49): P($1.00M <= EBITDA <= $5.00M)",derived,weak,derived,lognormal_model,,C0003.15,
C0003.18,C0003,Heskcrest Fire Safety Services,presence:commercial_db_a,found,listing DBA-0019 'Heskcrest Fire Safety Services Inc.' matched at 100,commercial_db_a,confirmed,external,fuzzy_name_match,,,DBA-0019
C0003.19,C0003,Heskcrest Fire Safety Services,presence:commercial_db_b,found,listing DBB-0006 'Heskcrest Fire Safety Services' matched at 100,commercial_db_b,confirmed,external,fuzzy_name_match,,,DBB-0006
C0003.20,C0003,Heskcrest Fire Safety Services,presence:investor_db,not found,no same-state listing reached 90; best score 15,investor_db,inferred,external,fuzzy_name_match,,,query: Heskcrest Fire Safety Services (NE)
C0003.21,C0003,Heskcrest Fire Safety Services,obviousness,0.75,(0.35xcommercial_db_a(1) + 0.30xcommercial_db_b(1) + 0.25xinvestor_db(0) + 0.10x website(1)) / total weight = 0.75; obvious (cut-off 0.30),derived,inferred,derived,weighted_presence,,C0003.18 C0003.19 C0003.20 C0003.05,
C0003.22,C0003,Heskcrest Fire Safety Services,screen,excluded: parent_owned,state NE vs thesis states; fit tier A; exclusions: parent_owned,derived,inferred,derived,scope_rules,,C0003.02 C0003.10 C0003.09,
C0004.01,C0004,Sovrlund Fire and Life Safety,name,Sovrlund Fire and Life Safety,operating name chosen by trust-weighted vote over 5 record(s); spelled 'Sovrlund Fire and Life Safety' in ASN-0004,"business_registry, state_license, trade_association, web_listing",confirmed,observed,source_field,ASN-0004 LIC-0002 REG-0040 WEB-0034 WEB-0050,,
C0004.02,C0004,Sovrlund Fire and Life Safety,location,"Larkport, WI",5 of 5 record(s) place the company in WI,"business_registry, state_license, trade_association, web_listing",confirmed,observed,source_field,ASN-0004 LIC-0002 REG-0040 WEB-0034 WEB-0050,,
C0004.03,C0004,Sovrlund Fire and Life Safety,entity_resolution,5 record(s) from 4 source(s),"merged pairs: LIC-0002~REG-0040 (name 100, same ZIP); REG-0040~WEB-0034 (name 100, same ZIP); REG-0040~WEB-0050 (name 100, same ZIP); LIC-0002~WEB-0034 (name 100, same ZIP); LIC-0002~WEB-0050 (name 100, same ZIP); +5 more","business_registry, state_license, trade_association, web_listing",strong,observed,entity_resolution,ASN-0004 LIC-0002 REG-0040 WEB-0034 WEB-0050,,
C0004.04,C0004,Sovrlund Fire and Life Safety,legal_name,"Quencombe Enterprises, Inc.",name with legal suffix as printed in REG-0040,business_registry,strong,observed,source_field,REG-0040,,
C0004.05,C0004,Sovrlund Fire and Life Safety,website,sovrlundfiresafety.example,website listed in 2 record(s),web_listing,strong,observed,source_field,WEB-0034 WEB-0050,,
C0004.06,C0004,Sovrlund Fire and Life Safety,naics_code,541350,NAICS 541350 (in thesis list),business_registry,confirmed,observed,source_field,REG-0040,,
C0004.07,C0004,Sovrlund Fire and Life Safety,license,Fire Protection Inspector (Active),"LIC-0002: 'Fire Protection Inspector', status Active",state_license,confirmed,observed,source_field,LIC-0002,,
C0004.08,C0004,Sovrlund Fire and Life Safety,services_listed,Fire safety inspection service; annual testing; fire and life safety inspections; code compliance reports; installation and service; maintenance agreements; deficiency repairs; code compliance reports; annual testing; installation and service; deficiency repairs; fire and life safety inspections,service and category text from 3 record(s),"trade_association, web_listing",strong,observed,source_field,ASN-0004 WEB-0034 WEB-0050,,
C0004.09,C0004,Sovrlund Fire and Life Safety,fit_tier,A,A (verified): sector license 'Fire Protection Inspector',derived,strong,derived,keyword_rule,,C0004.07,
C0004.10,C0004,Sovrlund Fire and Life Safety,segment,inspection,segment keyword hits: inspection 4,derived,inferred,derived,keyword_count,,C0004.08 C0004.07 C0004.01,
C0004.11,C0004,Sovrlund Fire and Life Safety,service_mix,recurring_heavy,"recurring terms ['inspection', 'testing', 'maintenance'] vs install terms ['installation']",derived,inferred,derived,keyword_count,,C0004.08,
C0004.12,C0004,Sovrlund Fire and Life Safety,size_signal:employee_band,20-49,REG-0040 reports employee band 20-49 -> 20-49 employees (weight 1),business_registry,strong,observed,size_signal,REG-0040,,
C0004.13,C0004,Sovrlund Fire and Life Safety,size_signal:licensed_technicians,18,LIC-0002 reports licensed technicians 18 -> at least 22-72 employees (weight 0.6),state_license,strong,observed,size_signal,LIC-0002,,
C0004.14,C0004,Sovrlund Fire and Life Safety,size_signal:stated_headcount,46,WEB-0034 reports stated headcount 46 -> 39-58 employees (weight 0.9),web_listing,strong,observed,size_signal,WEB-0034,,
C0004.15,C0004,Sovrlund Fire and Life Safety,employees_range,27-53,3 signal(s); midpoint 38; size confidence high,derived,strong,derived,weighted_geometric_mean,,C0004.12 C0004.13 C0004.14,
C0004.16,C0004,Sovrlund Fire and Life Safety,ebitda_estimate,833524,"38 employees x $136k revenue/employee (inspection) x 16.1% margin (recurring_heavy) = $0.83M median; 95% range $0.41M-$1.69M (sigma 0.36, endpoints)",derived,inferred,derived,lognormal_model,,C0004.15 C0004.10 C0004.11,
C0004.17,C0004,Sovrlund Fire and Life Safety,p_ebitda_ge_min,0.307,"log-normal(mu=13.63, sigma=0.36): P(EBITDA >= $1.00M)",derived,inferred,derived,lognormal_model,,C0004.16,
C0004.18,C0004,Sovrlund Fire and Life Safety,p_ebitda_in_band,0.307,"log-normal(mu=13.63, sigma=0.36): P($1.00M <= EBITDA <= $5.00M)",derived,inferred,derived,lognormal_model,,C0004.16,
C0004.19,C0004,Sovrlund Fire and Life Safety,presence:commercial_db_a,not found,no same-state listing reached 90; best score 54,commercial_db_a,inferred,external,fuzzy_name_match,,,query: Sovrlund Fire and Life Safety (WI)
C0004.20,C0004,Sovrlund Fire and Life Safety,presence:commercial_db_b,not found,no same-state listing reached 90; best score 40,commercial_db_b,inferred,external,fuzzy_name_match,,,query: Sovrlund Fire and Life Safety (WI)
C0004.21,C0004,Sovrlund Fire and Life Safety,presence:investor_db,not found,no same-state listing reached 90; best score 36,investor_db,inferred,external,fuzzy_name_match,,,query: Sovrlund Fire and Life Safety (WI)
C0004.22,C0004,Sovrlund Fire and Life Safety,obviousness,0.1,(0.35xcommercial_db_a(0) + 0.30xcommercial_db_b(0) + 0.25xinvestor_db(0) + 0.10x website(1)) / total weight = 0.10; non-obvious (cut-off 0.30),derived,inferred,derived,weighted_presence,,C0004.19 C0004.20 C0004.21 C0004.05,
C0004.23,C0004,Sovrlund Fire and Life Safety,screen,in scope,state WI vs thesis states; fit tier A; passes every screen,derived,inferred,derived,scope_rules,,C0004.02 C0004.09,
C0005.01,C0005,Kivelrigg Fire Equipment,name,Kivelrigg Fire Equipment,operating name chosen by trust-weighted vote over 3 record(s); spelled 'Kivelrigg Fire Equipment' in ASN-0005,"state_license, trade_association, web_listing",confirmed,observed,source_field,ASN-0005 LIC-0026 WEB-0016,,
C0005.02,C0005,Kivelrigg Fire Equipment,location,"Millfield, MI",3 of 3 record(s) place the company in MI,"state_license, trade_association, web_listing",confirmed,observed,source_field,ASN-0005 LIC-0026 WEB-0016,,
C0005.03,C0005,Kivelrigg Fire Equipment,entity_resolution,3 record(s) from 3 source(s),"merged pairs: LIC-0026~WEB-0016 (name 100, same ZIP); ASN-0005~LIC-0026 (name 100); ASN-0005~WEB-0016 (name 100, same phone, same website)","state_license, trade_association, web_listing",strong,observed,entity_resolution,ASN-0005 LIC-0026 WEB-0016,,
C0005.04,C0005,Kivelrigg Fire Equipment,legal_name,Kivelrigg Fire Equip. Inc,name with legal suffix as printed in LIC-0026,state_license,strong,observed,source_field,LIC-0026,,
C0005.05,C0005,Kivelrigg Fire Equipment,website,kivelriggfireequip.example,website listed in 2 record(s),"trade_association, web_listing",confirmed,observed,source_field,ASN-0005 WEB-0016,,
C0005.06,C0005,Kivelrigg Fire Equipment,license,Portable Extinguisher Service (Active),"LIC-0026: 'Portable Extinguisher Service', status Active",state_license,confirmed,observed,source_field,LIC-0026,,
C0005.07,C0005,Kivelrigg Fire Equipment,services_listed,Fire extinguisher service; clean agent systems; fire extinguisher service; fire extinguisher service; hydrostatic testing; kitchen hood suppression; 24/7 service; inspection agreements,service and category text from 2 record(s),"trade_association, web_listing",strong,observed,source_field,ASN-0005 WEB-0016,,
C0005.08,C0005,Kivelrigg Fire Equipment,fit_tier,A,A (verified): sector license 'Portable Extinguisher Service',derived,strong,derived,keyword_rule,,C0005.06,
C0005.09,C0005,Kivelrigg Fire Equipment,segment,suppression,"segment keyword hits: inspection 2, suppression 5",derived,inferred,derived,keyword_count,,C0005.07 C0005.06 C0005.01,
C0005.10,C0005,Kivelrigg Fire Equipment,service_mix,recurring_heavy,"recurring terms ['inspection', 'testing', '24/7 service'] vs install terms none",derived,inferred,derived,keyword_count,,C0005.07,
C0005.11,C0005,Kivelrigg Fire Equipment,size_signal:licensed_technicians,26,LIC-0026 reports licensed technicians 26 -> at least 32-104 employees (weight 0.6),state_license,strong,observed,size_signal,LIC-0026,,
C0005.12,C0005,Kivelrigg Fire Equipment,employees_range,32-104,1 signal(s); midpoint 58; size confidence low,derived,weak,derived,weighted_geometric_mean,,C0005.11,
C0005.13,C0005,Kivelrigg Fire Equipment,ebitda_estimate,1338937,"58 employees x $143k revenue/employee (suppression) x 16.1% margin (recurring_heavy) = $1.34M median; 95% range $0.51M-$3.54M (sigma 0.50, endpoints)",derived,weak,derived,lognormal_model,,C0005.12 C0005.09 C0005.10,
C0005.14,C0005,Kivelrigg Fire Equipment,p_ebitda_ge_min,0.722,"log-normal(mu=14.11, sigma=0.50): P(EBITDA >= $1.00M)",derived,weak,derived,lognormal_model,,C0005.13,
C0005.15,C0005,Kivelrigg Fire Equipment,p_ebitda_in_band,0.718,"log-normal(mu=14.11, sigma=0.50): P($1.00M <= EBITDA <= $5.00M)",derived,weak,derived,lognormal_model,,C0005.13,
C0005.16,C0005,Kivelrigg Fire Equipment,presence:commercial_db_a,found,listing DBA-0039 'Kivelrigg Fire Equipment' matched at 100,commercial_db_a,confirmed,external,fuzzy_name_match,,,DBA-0039
C0005.17,C0005,Kivelrigg Fire Equipment,presence:commercial_db_b,not found,no same-state listing reached 90; best score 78,commercial_db_b,inferred,external,fuzzy_name_match,,,query: Kivelrigg Fire Equipment (MI)
C0005.18,C0005,Kivelrigg Fire Equipment,presence:investor_db,not found,no same-state listing reached 90; best score 0,investor_db,inferred,external,fuzzy_name_match,,,query: Kivelrigg Fire Equipment (MI)
C0005.19,C0005,Kivelrigg Fire Equipment,obviousness,0.45,(0.35xcommercial_db_a(1) + 0.30xcommercial_db_b(0) + 0.25xinvestor_db(0) + 0.10x website(1)) / total weight = 0.45; obvious (cut-off 0.30),derived,inferred,derived,weighted_presence,,C0005.16 C0005.17 C0005.18 C0005.05,
C0005.20,C0005,Kivelrigg Fire Equipment,screen,in scope,state MI vs thesis states; fit tier A; passes every screen,derived,inferred,derived,scope_rules,,C0005.02 C0005.08,
C0006.01,C0006,Lombfield Fire Inspection Services,name,Lombfield Fire Inspection Services,operating name chosen by trust-weighted vote over 3 record(s); spelled 'Lombfield Fire Inspection Services' in ASN-0006,"business_registry, state_license, trade_association",confirmed,observed,source_field,ASN-0006 LIC-0018 REG-0003,,
C0006.02,C0006,Lombfield Fire Inspection Services,location,"Milldale, IL",3 of 3 record(s) place the company in IL,"business_registry, state_license, trade_association",confirmed,observed,source_field,ASN-0006 LIC-0018 REG-0003,,
C0006.03,C0006,Lombfield Fire Inspection Services,entity_resolution,3 record(s) from 3 source(s),"merged pairs: LIC-0018~REG-0003 (name 100, same ZIP); ASN-0006~REG-0003 (name 100); ASN-0006~LIC-0018 (name 100, same phone)","business_registry, state_license, trade_association",strong,observed,entity_resolution,ASN-0006 LIC-0018 REG-0003,,
C0006.04,C0006,Lombfield Fire Inspection Services,legal_name,Lombfield Fire Inspection Services L.L.C.,name with legal suffix as printed in LIC-0018,"business_registry, state_license",confirmed,observed,source_field,LIC-0018 REG-0003,,
C0006.05,C0006,Lombfield Fire Inspection Services,naics_code,541350,NAICS 541350 (in thesis list),business_registry,confirmed,observed,source_field,REG-0003,,
C0006.06,C0006,Lombfield Fire Inspection Services,license,Fire Protection Inspector (Active),"LIC-0018: 'Fire Protection Inspector', status Active",state_license,confirmed,observed,source_field,LIC-0018,,
C0006.07,C0006,Lombfield Fire Inspection Services,services_listed,annual testing; fire and life safety inspections,service and category text from 1 record(s),trade_association,strong,observed,source_field,ASN-0006,,
C0006.08,C0006,Lombfield Fire Inspection Services,fit_tier,A,A (verified): sector license 'Fire Protection Inspector',derived,strong,derived,keyword_rule,,C0006.06,
C0006.09,C0006,Lombfield Fire Inspection Services,segment,inspection,segment keyword hits: inspection 2.5,derived,inferred,derived,keyword_count,,C0006.07 C0006.06 C0006.01,
C0006.10,C0006,Lombfield Fire Inspection Services,service_mix,recurring_heavy,"recurring terms ['inspection', 'testing'] vs install terms none",derived,inferred,derived,keyword_count,,C0006.07,
C0006.11,C0006,Lombfield Fire Inspection Services,size_signal:employee_band,50-99,REG-0003 reports employee band 50-99 -> 50-99 employees (weight 1),business_registry,strong,observed,size_signal,REG-0003,,
C0006.12,C0006,Lombfield Fire Inspection Services,size_signal:licensed_technicians,25,LIC-0018 reports licensed technicians 25 -> at least 31-100 employees (weight 0.6),state_license,strong,observed,size_signal,LIC-0018,,
C0006.13,C0006,Lombfield Fire Inspection Services,employees_range,50-99,2 signal(s); midpoint 70; size confidence medium,derived,inferred,derived,weighted_geometric_mean,,C0006.11 C0006.12,
C0006.14,C0006,Lombfield Fire Inspection Services,ebitda_estimate,1538857,"70 employees x $136k revenue/employee (inspection) x 16.1% margin (recurring_heavy) = $1.54M median; 95% range $0.75M-$3.17M (sigma 0.37, endpoints)",derived,inferred,derived,lognormal_model,,C0006.13 C0006.09 C0006.10,
C0006.15,C0006,Lombfield Fire Inspection Services,p_ebitda_ge_min,0.879,"log-normal(mu=14.25, sigma=0.37): P(EBITDA >= $1.00M)",derived,inferred,derived,lognormal_model,,C0006.14,
C0006.16,C0006,Lombfield Fire Inspection Services,p_ebitda_in_band,0.878,"log-normal(mu=14.25, sigma=0.37): P($1.00M <= EBITDA <= $5.00M)",derived,inferred,derived,lognormal_model,,C0006.14,
C0006.17,C0006,Lombfield Fire Inspection Services,presence:commercial_db_a,not found,no same-state listing reached 90; best score 56,commercial_db_a,inferred,external,fuzzy_name_match,,,query: Lombfield Fire Inspection Services (IL)
C0006.18,C0006,Lombfield Fire Inspection Services,presence:commercial_db_b,not found,no same-state listing reached 90; best score 44,commercial_db_b,inferred,external,fuzzy_name_match,,,query: Lombfield Fire Inspection Services (IL)
C0006.19,C0006,Lombfield Fire Inspection Services,presence:investor_db,not found,no same-state listing reached 90; best score 47,investor_db,inferred,external,fuzzy_name_match,,,query: Lombfield Fire Inspection Services (IL)
C0006.20,C0006,Lombfield Fire Inspection Services,obviousness,0,(0.35xcommercial_db_a(0) + 0.30xcommercial_db_b(0) + 0.25xinvestor_db(0) + 0.10x website(0)) / total weight = 0.00; non-obvious (cut-off 0.30),derived,inferred,derived,weighted_presence,,C0006.17 C0006.18 C0006.19,
C0006.21,C0006,Lombfield Fire Inspection Services,screen,in scope,state IL vs thesis states; fit tier A; passes every screen,derived,inferred,derived,scope_rules,,C0006.02 C0006.08,
C0007.01,C0007,Ruskfield Fire Extinguisher,name,Ruskfield Fire Extinguisher,"operating name chosen by trust-weighted vote over 4 record(s); spelled 'Ruskfield Fire Extinguisher Co, Inc' in ASN-0007","business_registry, state_license, trade_association, web_listing",confirmed,observed,source_field,ASN-0007 LIC-0028 REG-0047 WEB-0035,,
C0007.02,C0007,Ruskfield Fire Extinguisher,location,"Ironford, IN",4 of 4 record(s) place the company in IN,"business_registry, state_license, trade_association, web_listing",confirmed,observed,source_field,ASN-0007 LIC-0028 REG-0047 WEB-0035,,
C0007.03,C0007,Ruskfield Fire Extinguisher,entity_resolution,4 record(s) from 4 source(s),"merged pairs: LIC-0028~REG-0047 (name 100, same ZIP); ASN-0007~REG-0047 (name 100); REG-0047~WEB-0035 (name 100, same ZIP); ASN-0007~LIC-0028 (name 100, same phone); LIC-0028~WEB-0035 (name 100, same phone, same ZIP); +1 more","business_registry, state_license, trade_association, web_listing",strong,observed,entity_resolution,ASN-0007 LIC-0028 REG-0047 WEB-0035,,
C0007.04,C0007,Ruskfield Fire Extinguisher,legal_name,"Ruskfield Fire Extinguisher Co, Inc.",name with legal suffix as printed in REG-0047,business_registry,strong,observed,source_field,REG-0047,,
C0007.05,C0007,Ruskfield Fire Extinguisher,website,ruskfieldfireequip.example,website listed in 2 record(s),"trade_association, web_listing",confirmed,observed,source_field,ASN-0007 WEB-0035,,
C0007.06,C0007,Ruskfield Fire Extinguisher,naics_code,811310,NAICS 811310 (in thesis list),business_registry,confirmed,observed,source_field,REG-0047,,
C0007.07,C0007,Ruskfield Fire Extinguisher,license,Portable Extinguisher Service (Active),"LIC-0028: 'Portable Extinguisher Service', status Active",state_license,confirmed,observed,source_field,LIC-0028,,
C0007.08,C0007,Ruskfield Fire Extinguisher,services_listed,Fire extinguisher service; fire extinguisher service; hydrostatic testing; kitchen hood suppression; installation and service; hydrostatic testing; clean agent systems,service and category text from 2 record(s),"trade_association, web_listing",strong,observed,source_field,ASN-0007 WEB-0035,,
C0007.09,C0007,Ruskfield Fire Extinguisher,fit_tier,A,A (verified): sector license 'Portable Extinguisher Service',derived,strong,derived,keyword_rule,,C0007.07,
C0007.10,C0007,Ruskfield Fire Extinguisher,segment,suppression,"segment keyword hits: inspection 1, suppression 5.5",derived,inferred,derived,keyword_count,,C0007.08 C0007.07 C0007.01,
C0007.11,C0007,Ruskfield Fire Extinguisher,service_mix,mixed,recurring terms ['testing'] vs install terms ['installation'],derived,inferred,derived,keyword_count,,C0007.08,
C0007.12,C0007,Ruskfield Fire Extinguisher,size_signal:employee_band,50-99,REG-0047 reports employee band 50-99 -> 50-99 employees (weight 1),business_registry,strong,observed,size_signal,REG-0047,,
C0007.13,C0007,Ruskfield Fire Extinguisher,size_signal:licensed_technicians,34,LIC-0028 reports licensed technicians 34 -> at least 42-136 employees (weight 0.6),state_license,strong,observed,size_signal,LIC-0028,,
C0007.14,C0007,Ruskfield Fire Extinguisher,employees_range,50-99,2 signal(s); midpoint 70; size confidence medium,derived,inferred,derived,weighted_geometric_mean,,C0007.12 C0007.13,
C0007.15,C0007,Ruskfield Fire Extinguisher,ebitda_estimate,1271094,"70 employees x $143k revenue/employee (suppression) x 12.6% margin (mixed) = $1.27M median; 95% range $0.60M-$2.69M (sigma 0.38, endpoints)",derived,inferred,derived,lognormal_model,,C0007.14 C0007.10 C0007.11,
C0007.16,C0007,Ruskfield Fire Extinguisher,p_ebitda_ge_min,0.734,"log-normal(mu=14.06, sigma=0.38): P(EBITDA >= $1.00M)",derived,inferred,derived,lognormal_model,,C0007.15,
C0007.17,C0007,Ruskfield Fire Extinguisher,p_ebitda_in_band,0.734,"log-normal(mu=14.06, sigma=0.38): P($1.00M <= EBITDA <= $5.00M)",derived,inferred,derived,lognormal_model,,C0007.15,
C0007.18,C0007,Ruskfield Fire Extinguisher,presence:commercial_db_a,not found,no same-state listing reached 90; best score 38,commercial_db_a,inferred,external,fuzzy_name_match,,,query: Ruskfield Fire Extinguisher (IN)
C0007.19,C0007,Ruskfield Fire Extinguisher,presence:commercial_db_b,not found,no same-state listing reached 90; best score 44,commercial_db_b,inferred,external,fuzzy_name_match,,,query: Ruskfield Fire Extinguisher (IN)
C0007.20,C0007,Ruskfield Fire Extinguisher,presence:investor_db,not found,no same-state listing reached 90; best score 23,investor_db,inferred,external,fuzzy_name_match,,,query: Ruskfield Fire Extinguisher (IN)
C0007.21,C0007,Ruskfield Fire Extinguisher,obviousness,0.1,(0.35xcommercial_db_a(0) + 0.30xcommercial_db_b(0) + 0.25xinvestor_db(0) + 0.10x website(1)) / total weight = 0.10; non-obvious (cut-off 0.30),derived,inferred,derived,weighted_presence,,C0007.18 C0007.19 C0007.20 C0007.05,
C0007.22,C0007,Ruskfield Fire Extinguisher,screen,in scope,state IN vs thesis states; fit tier A; passes every screen,derived,inferred,derived,scope_rules,,C0007.02 C0007.09,
C0008.01,C0008,Lomblund Fire and Alarm,name,Lomblund Fire and Alarm,operating name chosen by trust-weighted vote over 4 record(s); spelled 'Lomblund Fire and Alarm' in WEB-0048,"business_registry, state_license, trade_association, web_listing",confirmed,observed,source_field,ASN-0008 LIC-0034 REG-0019 WEB-0048,,
C0008.02,C0008,Lomblund Fire and Alarm,location,"Pineford, IL",4 of 4 record(s) place the company in IL,"business_registry, state_license, trade_association, web_listing",confirmed,observed,source_field,ASN-0008 LIC-0034 REG-0019 WEB-0048,,
C0008.03,C0008,Lomblund Fire and Alarm,entity_resolution,4 record(s) from 4 source(s),"merged pairs: LIC-0034~REG-0019 (name 100, same ZIP); ASN-0008~REG-0019 (name 100); REG-0019~WEB-0048 (name 100, same ZIP); ASN-0008~LIC-0034 (name 100); LIC-0034~WEB-0048 (name 100, same ZIP); +1 more","business_registry, state_license, trade_association, web_listing",strong,observed,entity_resolution,ASN-0008 LIC-0034 REG-0019 WEB-0048,,
C0008.04,C0008,Lomblund Fire and Alarm,legal_name,Lomblund Fire & Alarm Company,name with legal suffix as printed in REG-0019,business_registry,strong,observed,source_field,REG-0019,,
C0008.05,C0008,Lomblund Fire and Alarm,website,lomblundalarm.example,website listed in 2 record(s),"trade_association, web_listing",confirmed,observed,source_field,ASN-0008 WEB-0048,,
C0008.06,C0008,Lomblund Fire and Alarm,naics_code,238210,NAICS 238210 (in thesis list),business_registry,confirmed,observed,source_field,REG-0019,,
C0008.07,C0008,Lomblund Fire and Alarm,license,Fire Alarm Contractor (Active),"LIC-0034: 'Fire Alarm Contractor', status Active",state_license,confirmed,observed,source_field,LIC-0034,,
C0008.08,C0008,Lomblund Fire and Alarm,services_listed,Fire alarm contractor; fire alarm installation; emergency lighting; fire alarm inspection; maintenance agreements; notification appliances; emergency lighting,service and category text from 2 record(s),"trade_association, web_listing",strong,observed,source_field,ASN-0008 WEB-0048,,
C0008.09,C0008,Lomblund Fire and Alarm,fit_tier,A,A (verified): sector license 'Fire Alarm Contractor',derived,strong,derived,keyword_rule,,C0008.07,
C0008.10,C0008,Lomblund Fire and Alarm,segment,alarm,"segment keyword hits: alarm 3.5, inspection 1",derived,inferred,derived,keyword_count,,C0008.08 C0008.07 C0008.01,
C0008.11,C0008,Lomblund Fire and Alarm,service_mix,recurring_heavy,"recurring terms ['inspection', 'maintenance'] vs install terms ['installation']",derived,inferred,derived,keyword_count,,C0008.08,
C0008.12,C0008,Lomblund Fire and Alarm,size_signal:licensed_technicians,38,LIC-0034 reports licensed technicians 38 -> at least 48-152 employees (weight 0.6),state_license,strong,observed,size_signal,LIC-0034,,
C0008.13,C0008,Lomblund Fire and Alarm,size_signal:locations,2,WEB-0048 reports locations 2 -> 12-50 employees (weight 0.5),web_listing,inferred,observed,size_signal,WEB-0048,,
C0008.14,C0008,Lomblund Fire and Alarm,employees_range,48-71,2 signal(s); midpoint 58; size confidence medium,derived,inferred,derived,weighted_geometric_mean,,C0008.12 C0008.13,
C0008.15,C0008,Lomblund Fire and Alarm,ebitda_estimate,1549913,"58 employees x $165k revenue/employee (alarm) x 16.1% margin (recurring_heavy) = $1.55M median; 95% range $0.86M-$2.78M (sigma 0.30, endpoints)",derived,inferred,derived,lognormal_model,,C0008.14 C0008.10 C0008.11,
C0008.16,C0008,Lomblund Fire and Alarm,p_ebitda_ge_min,0.929,"log-normal(mu=14.25, sigma=0.30): P(EBITDA >= $1.00M)",derived,inferred,derived,lognormal_model,,C0008.15,
C0008.17,C0008,Lomblund Fire and Alarm,p_ebitda_in_band,0.929,"log-normal(mu=14.25, sigma=0.30): P($1.00M <= EBITDA <= $5.00M)",derived,inferred,derived,lognormal_model,,C0008.15,
C0008.18,C0008,Lomblund Fire and Alarm,presence:commercial_db_a,not found,no same-state listing reached 90; best score 50,commercial_db_a,inferred,external,fuzzy_name_match,,,query: Lomblund Fire and Alarm (IL)
C0008.19,C0008,Lomblund Fire and Alarm,presence:commercial_db_b,found,listing DBB-0036 'Lomblund Fire and Alarm' matched at 100,commercial_db_b,confirmed,external,fuzzy_name_match,,,DBB-0036
C0008.20,C0008,Lomblund Fire and Alarm,presence:investor_db,not found,no same-state listing reached 90; best score 40,investor_db,inferred,external,fuzzy_name_match,,,query: Lomblund Fire and Alarm (IL)
C0008.21,C0008,Lomblund Fire and Alarm,obviousness,0.4,(0.35xcommercial_db_a(0) + 0.30xcommercial_db_b(1) + 0.25xinvestor_db(0) + 0.10x website(1)) / total weight = 0.40; obvious (cut-off 0.30),derived,inferred,derived,weighted_presence,,C0008.18 C0008.19 C0008.20 C0008.05,
C0008.22,C0008,Lomblund Fire and Alarm,screen,in scope,state IL vs thesis states; fit tier A; passes every screen,derived,inferred,derived,scope_rules,,C0008.02 C0008.09,
C0009.01,C0009,Lombridge Fire Safety Services,name,Lombridge Fire Safety Services,operating name chosen by trust-weighted vote over 3 record(s); spelled 'Lombridge Fire Safety Services L.L.C.' in ASN-0009,"business_registry, trade_association, web_listing",confirmed,observed,source_field,ASN-0009 REG-0035 WEB-0046,,
C0009.02,C0009,Lombridge Fire Safety Services,location,"Brambrook, IL",3 of 3 record(s) place the company in IL,"business_registry, trade_association, web_listing",confirmed,observed,source_field,ASN-0009 REG-0035 WEB-0046,,
C0009.03,C0009,Lombridge Fire Safety Services,entity_resolution,3 record(s) from 3 source(s),"merged pairs: ASN-0009~REG-0035 (name 100); REG-0035~WEB-0046 (name 100); ASN-0009~WEB-0046 (name 100, same phone)","business_registry, trade_association, web_listing",strong,observed,entity_resolution,ASN-0009 REG-0035 WEB-0046,,
C0009.04,C0009,Lombridge Fire Safety Services,legal_name,"Lombridge Fire Safety Services, Company",name with legal suffix as printed in REG-0035,business_registry,strong,observed,source_field,REG-0035,,
C0009.05,C0009,Lombridge Fire Safety Services,naics_code,541350,NAICS 541350 (in thesis list),business_registry,confirmed,observed,source_field,REG-0035,,
C0009.06,C0009,Lombridge Fire Safety Services,services_listed,Fire safety inspection service; annual testing; code compliance reports; deficiency repairs; code compliance reports; fire and life safety inspections; maintenance agreements,service and category text from 2 record(s),"trade_association, web_listing",strong,observed,source_field,ASN-0009 WEB-0046,,
C0009.07,C0009,Lombridge Fire Safety Services,fit_tier,A,"A (verified): in-thesis NAICS and service keywords ['life safety', 'fire safety']",derived,strong,derived,keyword_rule,,C0009.05 C0009.06,
C0009.08,C0009,Lombridge Fire Safety Services,segment,inspection,segment keyword hits: inspection 4,derived,inferred,derived,keyword_count,,C0009.06 C0009.01,
C0009.09,C0009,Lombridge Fire Safety Services,service_mix,recurring_heavy,"recurring terms ['inspection', 'testing', 'maintenance'] vs install terms none",derived,inferred,derived,keyword_count,,C0009.06,
C0009.10,C0009,Lombridge Fire Safety Services,ebitda_estimate,unsized,no size signal in any source record,derived,weak,derived,lognormal_model,,C0009.03,
C0009.11,C0009,Lombridge Fire Safety Services,presence:commercial_db_a,not found,no same-state listing reached 90; best score 58,commercial_db_a,inferred,external,fuzzy_name_match,,,query: Lombridge Fire Safety Services (IL)
C0009.12,C0009,Lombridge Fire Safety Services,presence:commercial_db_b,not found,no same-state listing reached 90; best score 42,commercial_db_b,inferred,external,fuzzy_name_match,,,query: Lombridge Fire Safety Services (IL)
C0009.13,C0009,Lombridge Fire Safety Services,presence:investor_db,not found,no same-state listing reached 90; best score 50,investor_db,inferred,external,fuzzy_name_match,,,query: Lombridge Fire Safety Services (IL)
C0009.14,C0009,Lombridge Fire Safety Services,obviousness,0,(0.35xcommercial_db_a(0) + 0.30xcommercial_db_b(0) + 0.25xinvestor_db(0) + 0.10x website(0)) / total weight = 0.00; non-obvious (cut-off 0.30),derived,inferred,derived,weighted_presence,,C0009.11 C0009.12 C0009.13,
C0009.15,C0009,Lombridge Fire Safety Services,screen,in scope,state IL vs thesis states; fit tier A; passes every screen,derived,inferred,derived,scope_rules,,C0009.02 C0009.07,
C0010.01,C0010,Lombcrest Fire & Life Safety,name,Lombcrest Fire & Life Safety,operating name chosen by trust-weighted vote over 4 record(s); spelled 'Lombcrest Fire & Life Safety Inc' in ASN-0010,"business_registry, state_license, trade_association",confirmed,observed,source_field,ASN-0010 LIC-0010 REG-0014,,
C0010.02,C0010,Lombcrest Fire & Life Safety,location,"Glenhaven, MI",4 of 4 record(s) place the company in MI,"business_registry, state_license, trade_association, web_listing",confirmed,observed,source_field,ASN-0010 LIC-0010 REG-0014 WEB-0012,,
C0010.03,C0010,Lombcrest Fire & Life Safety,entity_resolution,4 record(s) from 4 source(s),"merged pairs: LIC-0010~REG-0014 (name 100, same ZIP); ASN-0010~REG-0014 (name 100); ASN-0010~LIC-0010 (name 100, same phone); REG-0014~WEB-0012 (name 96); LIC-0010~WEB-0012 (name 96, same phone); +1 more","business_registry, state_license, trade_association, web_listing",strong,observed,entity_resolution,ASN-0010 LIC-0010 REG-0014 WEB-0012,,
C0010.04,C0010,Lombcrest Fire & Life Safety,legal_name,Istrrigg Group LLC,name with legal suffix as printed in REG-0014,business_registry,strong,observed,source_field,REG-0014,,
C0010.05,C0010,Lombcrest Fire & Life Safety,naics_code,541350,NAICS 541350 (in thesis list),business_registry,confirmed,observed,source_field,REG-0014,,
C0010.06,C0010,Lombcrest Fire & Life Safety,license,Fire Protection Inspector (Active),"LIC-0010: 'Fire Protection Inspector', status Active",state_license,confirmed,observed,source_field,LIC-0010,,
C0010.07,C0010,Lombcrest Fire & Life Safety,services_listed,Fire safety inspection service; annual testing; deficiency repairs; fire and life safety inspections; deficiency repairs; annual testing; scheduled maintenance,service and category text from 2 record(s),"trade_association, web_listing",strong,observed,source_field,ASN-0010 WEB-0012,,
C0010.08,C0010,Lombcrest Fire & Life Safety,fit_tier,A,A (verified): sector license 'Fire Protection Inspector',derived,strong,derived,keyword_rule,,C0010.06,
C0010.09,C0010,Lombcrest Fire & Life Safety,segment,inspection,segment keyword hits: inspection 3,derived,inferred,derived,keyword_count,,C0010.07 C0010.06 C0010.01,
C0010.10,C0010,Lombcrest Fire & Life Safety,service_mix,recurring_heavy,"recurring terms ['inspection', 'testing', 'maintenance', 'scheduled'] vs install terms none",derived,inferred,derived,keyword_count,,C0010.07,
C0010.11,C0010,Lombcrest Fire & Life Safety,size_signal:employee_band,20-49,REG-0014 reports employee band 20-49 -> 20-49 employees (weight 1),business_registry,strong,observed,size_signal,REG-0014,,
C0010.12,C0010,Lombcrest Fire & Life Safety,size_signal:licensed_technicians,5,LIC-0010 reports licensed technicians 5 -> at least 6-20 employees (weight 0.6),state_license,strong,observed,size_signal,LIC-0010,,
C0010.13,C0010,Lombcrest Fire & Life Safety,employees_range,20-49,2 signal(s); midpoint 31; size confidence medium,derived,inferred,derived,weighted_geometric_mean,,C0010.11 C0010.12,
C0010.14,C0010,Lombcrest Fire & Life Safety,ebitda_estimate,684713,"31 employees x $136k revenue/employee (inspection) x 16.1% margin (recurring_heavy) = $0.68M median; 95% range $0.30M-$1.57M (sigma 0.42, endpoints)",derived,inferred,derived,lognormal_model,,C0010.13 C0010.09 C0010.10,
C0010.15,C0010,Lombcrest Fire & Life Safety,p_ebitda_ge_min,0.185,"log-normal(mu=13.44, sigma=0.42): P(EBITDA >= $1.00M)",derived,inferred,derived,lognormal_model,,C0010.14,
C0010.16,C0010,Lombcrest Fire & Life Safety,p_ebitda_in_band,0.185,"log-normal(mu=13.44, sigma=0.42): P($1.00M <= EBITDA <= $5.00M)",derived,inferred,derived,lognormal_model,,C0010.14,
C0010.17,C0010,Lombcrest Fire & Life Safety,presence:commercial_db_a,not found,no same-state listing reached 90; best score 48,commercial_db_a,inferred,external,fuzzy_name_match,,,query: Lombcrest Fire & Life Safety (MI)
C0010.18,C0010,Lombcrest Fire & Life Safety,presence:commercial_db_b,not found,no same-state listing reached 90; best score 50,commercial_db_b,inferred,external,fuzzy_name_match,,,query: Lombcrest Fire & Life Safety (MI)
C0010.19,C0010,Lombcrest Fire & Life Safety,presence:investor_db,not found,no same-state listing reached 90; best score 0,investor_db,inferred,external,fuzzy_name_match,,,query: Lombcrest Fire & Life Safety (MI)
C0010.20,C0010,Lombcrest Fire & Life Safety,obviousness,0,(0.35xcommercial_db_a(0) + 0.30xcommercial_db_b(0) + 0.25xinvestor_db(0) + 0.10x website(0)) / total weight = 0.00; non-obvious (cut-off 0.30),derived,inferred,derived,weighted_presence,,C0010.17 C0010.18 C0010.19,
C0010.21,C0010,Lombcrest Fire & Life Safety,screen,in scope,state MI vs thesis states; fit tier A; passes every screen,derived,inferred,derived,scope_rules,,C0010.02 C0010.08,
C0011.01,C0011,Jaststead Fire Extinguisher,name,Jaststead Fire Extinguisher,"operating name chosen by trust-weighted vote over 3 record(s); spelled 'Jaststead Fire Extinguisher Co, L.L.C.' in ASN-0011","business_registry, trade_association",confirmed,observed,source_field,ASN-0011 REG-0048,,
C0011.02,C0011,Jaststead Fire Extinguisher,location,"Ironbrook, WI",3 of 3 record(s) place the company in WI,"business_registry, trade_association, web_listing",confirmed,observed,source_field,ASN-0011 REG-0048 WEB-0028,,
C0011.03,C0011,Jaststead Fire Extinguisher,entity_resolution,3 record(s) from 3 source(s),merged pairs: ASN-0011~REG-0048 (name 100); REG-0048~WEB-0028 (name 98); ASN-0011~WEB-0028 (name 98),"business_registry, trade_association, web_listing",strong,observed,entity_resolution,ASN-0011 REG-0048 WEB-0028,,
C0011.04,C0011,Jaststead Fire Extinguisher,legal_name,"Jaststead Fire Extinguisher Co, L.L.C.",name with legal suffix as printed in ASN-0011,"business_registry, trade_association",confirmed,observed,source_field,ASN-0011 REG-0048,,
C0011.05,C0011,Jaststead Fire Extinguisher,naics_code,811310,NAICS 811310 (in thesis list),business_registry,confirmed,observed,source_field,REG-0048,,
C0011.06,C0011,Jaststead Fire Extinguisher,services_listed,Fire extinguisher service; clean agent systems; fire extinguisher service; clean agent systems; hydrostatic testing; fire extinguisher service; 24/7 service,service and category text from 2 record(s),"trade_association, web_listing",strong,observed,source_field,ASN-0011 WEB-0028,,
C0011.07,C0011,Jaststead Fire Extinguisher,fit_tier,A,A (verified): in-thesis NAICS and service keywords ['extinguisher'],derived,strong,derived,keyword_rule,,C0011.05 C0011.06,
C0011.08,C0011,Jaststead Fire Extinguisher,segment,suppression,"segment keyword hits: inspection 1, suppression 3.5",derived,inferred,derived,keyword_count,,C0011.06 C0011.01,
C0011.09,C0011,Jaststead Fire Extinguisher,service_mix,recurring_heavy,"recurring terms ['testing', '24/7 service'] vs install terms none",derived,inferred,derived,keyword_count,,C0011.06,
C0011.10,C0011,Jaststead Fire Extinguisher,size_signal:employee_band,20-49,REG-0048 reports employee band 20-49 -> 20-49 employees (weight 1),business_registry,strong,observed,size_signal,REG-0048,,
C0011.11,C0011,Jaststead Fire Extinguisher,size_signal:stated_headcount,56,WEB-0028 reports stated headcount 56 -> 48-70 employees (weight 0.9),web_listing,strong,observed,size_signal,WEB-0028,,
C0011.12,C0011,Jaststead Fire Extinguisher,employees_range,30-58,2 signal(s); midpoint 42; size confidence medium,derived,inferred,derived,weighted_geometric_mean,,C0011.10 C0011.11,
C0011.13,C0011,Jaststead Fire Extinguisher,ebitda_estimate,963366,"42 employees x $143k revenue/employee (suppression) x 16.1% margin (recurring_heavy) = $0.96M median; 95% range $0.47M-$1.97M (sigma 0.37, endpoints)",derived,inferred,derived,lognormal_model,,C0011.12 C0011.08 C0011.09,
C0011.14,C0011,Jaststead Fire Extinguisher,p_ebitda_ge_min,0.459,"log-normal(mu=13.78, sigma=0.37): P(EBITDA >= $1.00M)",derived,inferred,derived,lognormal_model,,C0011.13,
C0011.15,C0011,Jaststead Fire Extinguisher,p_ebitda_in_band,0.459,"log-normal(mu=13.78, sigma=0.37): P($1.00M <= EBITDA <= $5.00M)",derived,inferred,derived,lognormal_model,,C0011.13,
C0011.16,C0011,Jaststead Fire Extinguisher,presence:commercial_db_a,not found,no same-state listing reached 90; best score 65,commercial_db_a,inferred,external,fuzzy_name_match,,,query: Jaststead Fire Extinguisher (WI)
C0011.17,C0011,Jaststead Fire Extinguisher,presence:commercial_db_b,not found,no same-state listing reached 90; best score 45,commercial_db_b,inferred,external,fuzzy_name_match,,,query: Jaststead Fire Extinguisher (WI)
C0011.18,C0011,Jaststead Fire Extinguisher,presence:investor_db,not found,no same-state listing reached 90; best score 27,investor_db,inferred,external,fuzzy_name_match,,,query: Jaststead Fire Extinguisher (WI)
C0011.19,C0011,Jaststead Fire Extinguisher,obviousness,0,(0.35xcommercial_db_a(0) + 0.30xcommercial_db_b(0) + 0.25xinvestor_db(0) + 0.10x website(0)) / total weight = 0.00; non-obvious (cut-off 0.30),derived,inferred,derived,weighted_presence,,C0011.16 C0011.17 C0011.18,
C0011.20,C0011,Jaststead Fire Extinguisher,screen,in scope,state WI vs thesis states; fit tier A; passes every screen,derived,inferred,derived,scope_rules,,C0011.02 C0011.07,
C0012.01,C0012,Ulvwick Fire Sprinkler,name,Ulvwick Fire Sprinkler,operating name chosen by trust-weighted vote over 3 record(s); spelled 'Ulvwick Fire Sprinkler' in ASN-0012,"state_license, trade_association, web_listing",confirmed,observed,source_field,ASN-0012 LIC-0025 WEB-0006,,
C0012.02,C0012,Ulvwick Fire Sprinkler,location,"Bramdale, MO",3 of 3 record(s) place the company in MO,"state_license, trade_association, web_listing",confirmed,observed,source_field,ASN-0012 LIC-0025 WEB-0006,,
C0012.03,C0012,Ulvwick Fire Sprinkler,entity_resolution,3 record(s) from 3 source(s),"merged pairs: ASN-0012~LIC-0025 (name 100, same phone); LIC-0025~WEB-0006 (name 100, same phone, same ZIP); ASN-0012~WEB-0006 (name 100, same phone)","state_license, trade_association, web_listing",strong,observed,entity_resolution,ASN-0012 LIC-0025 WEB-0006,,
C0012.04,C0012,Ulvwick Fire Sprinkler,legal_name,"Ulvwick Fire Sprinkler, Company",name with legal suffix as printed in WEB-0006,web_listing,strong,observed,source_field,WEB-0006,,
C0012.05,C0012,Ulvwick Fire Sprinkler,license,Fire Sprinkler Contractor (Active),"LIC-0025: 'Fire Sprinkler Contractor', status Active",state_license,confirmed,observed,source_field,LIC-0025,,
C0012.06,C0012,Ulvwick Fire Sprinkler,services_listed,Fire sprinkler contractor; backflow testing; standpipe service; fire sprinkler installation; sprinkler inspection; fire pump testing; maintenance agreements; installation and service,service and category text from 2 record(s),"trade_association, web_listing",strong,observed,source_field,ASN-0012 WEB-0006,,
C0012.07,C0012,Ulvwick Fire Sprinkler,fit_tier,A,A (verified): sector license 'Fire Sprinkler Contractor',derived,strong,derived,keyword_rule,,C0012.05,
C0012.08,C0012,Ulvwick Fire Sprinkler,segment,sprinkler,"segment keyword hits: sprinkler 4.5, inspection 2",derived,inferred,derived,keyword_count,,C0012.06 C0012.05 C0012.01,
C0012.09,C0012,Ulvwick Fire Sprinkler,service_mix,recurring_heavy,"recurring terms ['inspection', 'testing', 'maintenance'] vs install terms ['installation']",derived,inferred,derived,keyword_count,,C0012.06,
C0012.10,C0012,Ulvwick Fire Sprinkler,size_signal:licensed_technicians,13,LIC-0025 reports licensed technicians 13 -> at least 16-52 employees (weight 0.6),state_license,strong,observed,size_signal,LIC-0025,,
C0012.11,C0012,Ulvwick Fire Sprinkler,employees_range,16-52,1 signal(s); midpoint 29; size confidence low,derived,weak,derived,weighted_geometric_mean,,C0012.10,
C0012.12,C0012,Ulvwick Fire Sprinkler,ebitda_estimate,831898,"29 employees x $177k revenue/employee (sprinkler) x 16.1% margin (recurring_heavy) = $0.83M median; 95% range $0.32M-$2.18M (sigma 0.49, endpoints)",derived,weak,derived,lognormal_model,,C0012.11 C0012.08 C0012.09,
C0012.13,C0012,Ulvwick Fire Sprinkler,p_ebitda_ge_min,0.354,"log-normal(mu=13.63, sigma=0.49): P(EBITDA >= $1.00M)",derived,weak,derived,lognormal_model,,C0012.12,
C0012.14,C0012,Ulvwick Fire Sprinkler,p_ebitda_in_band,0.354,"log-normal(mu=13.63, sigma=0.49): P($1.00M <= EBITDA <= $5.00M)",derived,weak,derived,lognormal_model,,C0012.12,
C0012.15,C0012,Ulvwick Fire Sprinkler,presence:commercial_db_a,found,listing DBA-0011 'Ulvwick Fire Sprinkler' matched at 100,commercial_db_a,confirmed,external,fuzzy_name_match,,,DBA-0011
C0012.16,C0012,Ulvwick Fire Sprinkler,presence:commercial_db_b,found,listing DBB-0041 'Ulvwick Fire Sprinkler' matched at 100,commercial_db_b,confirmed,external,fuzzy_name_match,,,DBB-0041
C0012.17,C0012,Ulvwick Fire Sprinkler,presence:investor_db,not found,no same-state listing reached 90; best score 46,investor_db,inferred,external,fuzzy_name_match,,,query: Ulvwick Fire Sprinkler (MO)
C0012.18,C0012,Ulvwick Fire Sprinkler,obviousness,0.65,(0.35xcommercial_db_a(1) + 0.30xcommercial_db_b(1) + 0.25xinvestor_db(0) + 0.10x website(0)) / total weight = 0.65; obvious (cut-off 0.30),derived,inferred,derived,weighted_presence,,C0012.15 C0012.16 C0012.17,
C0012.19,C0012,Ulvwick Fire Sprinkler,screen,in scope,state MO vs thesis states; fit tier A; passes every screen,derived,inferred,derived,scope_rules,,C0012.02 C0012.07,
C0013.01,C0013,Maldshaw Life Safety Systems,name,Maldshaw Life Safety Systems,operating name chosen by trust-weighted vote over 4 record(s); spelled 'Maldshaw Life Safety Systems' in LIC-0024,"business_registry, state_license, trade_association",confirmed,observed,source_field,ASN-0013 LIC-0024 REG-0044,,
C0013.02,C0013,Maldshaw Life Safety Systems,location,"Elmport, SD",4 of 4 record(s) place the company in SD,"business_registry, state_license, trade_association, web_listing",confirmed,observed,source_field,ASN-0013 LIC-0024 REG-0044 WEB-0040,,
C0013.03,C0013,Maldshaw Life Safety Systems,entity_resolution,4 record(s) from 4 source(s),"merged pairs: LIC-0024~REG-0044 (name 100, same ZIP); ASN-0013~REG-0044 (name 100); REG-0044~WEB-0040 (name 93); ASN-0013~LIC-0024 (name 100); LIC-0024~WEB-0040 (name 93); +1 more","business_registry, state_license, trade_association, web_listing",strong,observed,entity_resolution,ASN-0013 LIC-0024 REG-0044 WEB-0040,,
C0013.04,C0013,Maldshaw Life Safety Systems,legal_name,"Wexlby Holdings, LLC",name with legal suffix as printed in REG-0044,business_registry,strong,observed,source_field,REG-0044,,
C0013.05,C0013,Maldshaw Life Safety Systems,website,maldshawalarm.example,website listed in 1 record(s),web_listing,strong,observed,source_field,WEB-0040,,
C0013.06,C0013,Maldshaw Life Safety Systems,naics_code,238210,NAICS 238210 (in thesis list),business_registry,confirmed,observed,source_field,REG-0044,,
C0013.07,C0013,Maldshaw Life Safety Systems,license,Fire Alarm Contractor (Active),"LIC-0024: 'Fire Alarm Contractor', status Active",state_license,confirmed,observed,source_field,LIC-0024,,
C0013.08,C0013,Maldshaw Life Safety Systems,services_listed,Fire alarm contractor; fire alarm installation; emergency lighting; fire alarm installation; notification appliances; alarm monitoring; tenant finish,service and category text from 2 record(s),"trade_association, web_listing",strong,observed,source_field,ASN-0013 WEB-0040,,
C0013.09,C0013,Maldshaw Life Safety Systems,fit_tier,A,A (verified): sector license 'Fire Alarm Contractor',derived,strong,derived,keyword_rule,,C0013.07,
C0013.10,C0013,Maldshaw Life Safety Systems,segment,alarm,segment keyword hits: alarm 4,derived,inferred,derived,keyword_count,,C0013.08 C0013.07 C0013.01,
C0013.11,C0013,Maldshaw Life Safety Systems,service_mix,install_heavy,"recurring terms ['monitoring'] vs install terms ['installation', 'tenant finish']",derived,inferred,derived,keyword_count,,C0013.08,
C0013.12,C0013,Maldshaw Life Safety Systems,size_signal:employee_band,50-99,REG-0044 reports employee band 50-99 -> 50-99 employees (weight 1),business_registry,strong,observed,size_signal,REG-0044,,
C0013.13,C0013,Maldshaw Life Safety Systems,size_signal:licensed_technicians,22,LIC-0024 reports licensed technicians 22 -> at least 28-88 employees (weight 0.6),state_license,strong,observed,size_signal,LIC-0024,,
C0013.14,C0013,Maldshaw Life Safety Systems,employees_range,50-99,2 signal(s); midpoint 70; size confidence medium,derived,inferred,derived,weighted_geometric_mean,,C0013.12 C0013.13,
C0013.15,C0013,Maldshaw Life Safety Systems,ebitda_estimate,1065427,"70 employees x $165k revenue/employee (alarm) x 9.2% margin (install_heavy) = $1.07M median; 95% range $0.49M-$2.32M (sigma 0.40, endpoints)",derived,inferred,derived,lognormal_model,,C0013.14 C0013.10 C0013.11,
C0013.16,C0013,Maldshaw Life Safety Systems,p_ebitda_ge_min,0.564,"log-normal(mu=13.88, sigma=0.40): P(EBITDA >= $1.00M)",derived,inferred,derived,lognormal_model,,C0013.15,
C0013.17,C0013,Maldshaw Life Safety Systems,p_ebitda_in_band,0.563,"log-normal(mu=13.88, sigma=0.40): P($1.00M <= EBITDA <= $5.00M)",derived,inferred,derived,lognormal_model,,C0013.15,
C0013.18,C0013,Maldshaw Life Safety Systems,presence:commercial_db_a,not found,no same-state listing reached 90; best score 45,commercial_db_a,inferred,external,fuzzy_name_match,,,query: Maldshaw Life Safety Systems (SD)
C0013.19,C0013,Maldshaw Life Safety Systems,presence:commercial_db_b,not found,no same-state listing reached 90; best score 36,commercial_db_b,inferred,external,fuzzy_name_match,,,query: Maldshaw Life Safety Systems (SD)
C0013.20,C0013,Maldshaw Life Safety Systems,presence:investor_db,not found,no same-state listing reached 90; best score 28,investor_db,inferred,external,fuzzy_name_match,,,query: Maldshaw Life Safety Systems (SD)
C0013.21,C0013,Maldshaw Life Safety Systems,obviousness,0.1,(0.35xcommercial_db_a(0) + 0.30xcommercial_db_b(0) + 0.25xinvestor_db(0) + 0.10x website(1)) / total weight = 0.10; non-obvious (cut-off 0.30),derived,inferred,derived,weighted_presence,,C0013.18 C0013.19 C0013.20 C0013.05,
C0013.22,C0013,Maldshaw Life Safety Systems,screen,in scope,state SD vs thesis states; fit tier A; passes every screen,derived,inferred,derived,scope_rules,,C0013.02 C0013.09,
C0014.01,C0014,Haldridge Fire Detection,name,Haldridge Fire Detection,operating name chosen by trust-weighted vote over 4 record(s); spelled 'Haldridge Fire Detection' in ASN-0014,"business_registry, state_license, trade_association, web_listing",confirmed,observed,source_field,ASN-0014 LIC-0023 REG-0045 WEB-0001,,
C0014.02,C0014,Haldridge Fire Detection,location,"Cedarbrook, NE",4 of 4 record(s) place the company in NE,"business_registry, state_license, trade_association, web_listing",confirmed,observed,source_field,ASN-0014 LIC-0023 REG-0045 WEB-0001,,
C0014.03,C0014,Haldridge Fire Detection,entity_resolution,4 record(s) from 4 source(s),"merged pairs: LIC-0023~REG-0045 (name 100, same ZIP); REG-0045~WEB-0001 (name 100, same ZIP); LIC-0023~WEB-0001 (name 100, same phone, same ZIP); ASN-0014~REG-0045 (name 100); ASN-0014~LIC-0023 (name 100, same phone); +1 more","business_registry, state_license, trade_association, web_listing",strong,observed,entity_resolution,ASN-0014 LIC-0023 REG-0045 WEB-0001,,
C0014.04,C0014,Haldridge Fire Detection,legal_name,Haldridge Fire Detection Corporation,name with legal suffix as printed in LIC-0023,"business_registry, state_license, web_listing",confirmed,observed,source_field,LIC-0023 REG-0045 WEB-0001,,
C0014.05,C0014,Haldridge Fire Detection,naics_code,238210,NAICS 238210 (in thesis list),business_registry,confirmed,observed,source_field,REG-0045,,
C0014.06,C0014,Haldridge Fire Detection,license,Fire Alarm Contractor (Active),"LIC-0023: 'Fire Alarm Contractor', status Active",state_license,confirmed,observed,source_field,LIC-0023,,
C0014.07,C0014,Haldridge Fire Detection,services_listed,Fire alarm contractor; alarm monitoring; fire alarm installation; fire alarm installation; alarm monitoring; notification appliances; installation and service,service and category text from 2 record(s),"trade_association, web_listing",strong,observed,source_field,ASN-0014 WEB-0001,,
C0014.08,C0014,Haldridge Fire Detection,fit_tier,A,A (verified): sector license 'Fire Alarm Contractor',derived,strong,derived,keyword_rule,,C0014.06,
C0014.09,C0014,Haldridge Fire Detection,segment,alarm,segment keyword hits: alarm 3.5,derived,inferred,derived,keyword_count,,C0014.07 C0014.06 C0014.01,
C0014.10,C0014,Haldridge Fire Detection,service_mix,mixed,recurring terms ['monitoring'] vs install terms ['installation'],derived,inferred,derived,keyword_count,,C0014.07,
C0014.11,C0014,Haldridge Fire Detection,size_signal:employee_band,20-49,REG-0045 reports employee band 20-49 -> 20-49 employees (weight 1),business_registry,strong,observed,size_signal,REG-0045,,
C0014.12,C0014,Haldridge Fire Detection,size_signal:licensed_technicians,17,LIC-0023 reports licensed technicians 17 -> at least 21-68 employees (weight 0.6),state_license,strong,observed,size_signal,LIC-0023,,
C0014.13,C0014,Haldridge Fire Detection,employees_range,21-49,2 signal(s); midpoint 32; size confidence medium,derived,inferred,derived,weighted_geometric_mean,,C0014.11 C0014.12,
C0014.14,C0014,Haldridge Fire Detection,ebitda_estimate,674402,"32 employees x $165k revenue/employee (alarm) x 12.6% margin (mixed) = $0.67M median; 95% range $0.30M-$1.53M (sigma 0.42, endpoints)",derived,inferred,derived,lognormal_model,,C0014.13 C0014.09 C0014.10,
C0014.15,C0014,Haldridge Fire Detection,p_ebitda_ge_min,0.173,"log-normal(mu=13.42, sigma=0.42): P(EBITDA >= $1.00M)",derived,inferred,derived,lognormal_model,,C0014.14,
C0014.16,C0014,Haldridge Fire Detection,p_ebitda_in_band,0.173,"log-normal(mu=13.42, sigma=0.42): P($1.00M <= EBITDA <= $5.00M)",derived,inferred,derived,lognormal_model,,C0014.14,
C0014.17,C0014,Haldridge Fire Detection,presence:commercial_db_a,not found,no same-state listing reached 90; best score 48,commercial_db_a,inferred,external,fuzzy_name_match,,,query: Haldridge Fire Detection (NE)
C0014.18,C0014,Haldridge Fire Detection,presence:commercial_db_b,found,listing DBB-0040 'Haldridge Fire Detection' matched at 100,commercial_db_b,confirmed,external,fuzzy_name_match,,,DBB-0040
C0014.19,C0014,Haldridge Fire Detection,presence:investor_db,not found,no same-state listing reached 90; best score 29,investor_db,inferred,external,fuzzy_name_match,,,query: Haldridge Fire Detection (NE)
C0014.20,C0014,Haldridge Fire Detection,obviousness,0.3,(0.35xcommercial_db_a(0) + 0.30xcommercial_db_b(1) + 0.25xinvestor_db(0) + 0.10x website(0)) / total weight = 0.30; obvious (cut-off 0.30),derived,inferred,derived,weighted_presence,,C0014.17 C0014.18 C0014.19,
C0014.21,C0014,Haldridge Fire Detection,screen,in scope,state NE vs thesis states; fit tier A; passes every screen,derived,inferred,derived,scope_rules,,C0014.02 C0014.08,
C0015.01,C0015,Ruskwyn Fire Alarm,name,Ruskwyn Fire Alarm,operating name chosen by trust-weighted vote over 3 record(s); spelled 'Ruskwyn Fire Alarm' in ASN-0015,"business_registry, trade_association, web_listing",confirmed,observed,source_field,ASN-0015 REG-0041 WEB-0026,,
C0015.02,C0015,Ruskwyn Fire Alarm,location,"Elmbrook, OH",3 of 3 record(s) place the company in OH,"business_registry, trade_association, web_listing",confirmed,observed,source_field,ASN-0015 REG-0041 WEB-0026,,
C0015.03,C0015,Ruskwyn Fire Alarm,entity_resolution,3 record(s) from 3 source(s),"merged pairs: ASN-0015~REG-0041 (name 100); REG-0041~WEB-0026 (name 100, same ZIP); ASN-0015~WEB-0026 (name 100, same phone, same website)","business_registry, trade_association, web_listing",strong,observed,entity_resolution,ASN-0015 REG-0041 WEB-0026,,
C0015.04,C0015,Ruskwyn Fire Alarm,legal_name,"Ruskwyn Fire Alarm, Inc",name with legal suffix as printed in REG-0041,business_registry,strong,observed,source_field,REG-0041,,
C0015.05,C0015,Ruskwyn Fire Alarm,website,ruskwynalarm.example,website listed in 2 record(s),"trade_association, web_listing",confirmed,observed,source_field,ASN-0015 WEB-0026,,
C0015.06,C0015,Ruskwyn Fire Alarm,naics_code,238210,NAICS 238210 (in thesis list),business_registry,confirmed,observed,source_field,REG-0041,,
C0015.07,C0015,Ruskwyn Fire Alarm,services_listed,Fire alarm contractor; alarm monitoring; notification appliances; fire alarm installation; alarm monitoring; notification appliances; new construction; tenant finish,service and category text from 2 record(s),"trade_association, web_listing",strong,observed,source_field,ASN-0015 WEB-0026,,
C0015.08,C0015,Ruskwyn Fire Alarm,fit_tier,A,A (verified): in-thesis NAICS and service keywords ['fire alarm'],derived,strong,derived,keyword_rule,,C0015.06 C0015.07,
C0015.09,C0015,Ruskwyn Fire Alarm,segment,alarm,segment keyword hits: alarm 3.5,derived,inferred,derived,keyword_count,,C0015.07 C0015.01,
C0015.10,C0015,Ruskwyn Fire Alarm,service_mix,install_heavy,"recurring terms ['monitoring'] vs install terms ['installation', 'new construction', 'tenant finish']",derived,inferred,derived,keyword_count,,C0015.07,
C0015.11,C0015,Ruskwyn Fire Alarm,size_signal:employee_band,20-49,REG-0041 reports employee band 20-49 -> 20-49 employees (weight 1),business_registry,strong,observed,size_signal,REG-0041,,
C0015.12,C0015,Ruskwyn Fire Alarm,employees_range,20-49,1 signal(s); midpoint 31; size confidence low,derived,weak,derived,weighted_geometric_mean,,C0015.11,
C0015.13,C0015,Ruskwyn Fire Alarm,ebitda_estimate,474061,"31 employees x $165k revenue/employee (alarm) x 9.2% margin (install_heavy) = $0.47M median; 95% range $0.20M-$1.15M (sigma 0.45, endpoints)",derived,weak,derived,lognormal_model,,C0015.12 C0015.09 C0015.10,
C0015.14,C0015,Ruskwyn Fire Alarm,p_ebitda_ge_min,0.049,"log-normal(mu=13.07, sigma=0.45): P(EBITDA >= $1.00M)",derived,weak,derived,lognormal_model,,C0015.13,
C0015.15,C0015,Ruskwyn Fire Alarm,p_ebitda_in_band,0.049,"log-normal(mu=13.07, sigma=0.45): P($1.00M <= EBITDA <= $5.00M)",derived,weak,derived,lognormal_model,,C0015.13,
C0015.16,C0015,Ruskwyn Fire Alarm,presence:commercial_db_a,not found,no same-state listing reached 90; best score 38,commercial_db_a,inferred,external,fuzzy_name_match,,,query: Ruskwyn Fire Alarm (OH)
C0015.17,C0015,Ruskwyn Fire Alarm,presence:commercial_db_b,found,"listing DBB-0015 'Ruskwyn Fire Alarm, Inc' matched at 100",commercial_db_b,confirmed,external,fuzzy_name_match,,,DBB-0015
C0015.18,C0015,Ruskwyn Fire Alarm,presence:investor_db,not found,no same-state listing reached 90; best score 0,investor_db,inferred,external,fuzzy_name_match,,,query: Ruskwyn Fire Alarm (OH)
C0015.19,C0015,Ruskwyn Fire Alarm,obviousness,0.4,(0.35xcommercial_db_a(0) + 0.30xcommercial_db_b(1) + 0.25xinvestor_db(0) + 0.10x website(1)) / total weight = 0.40; obvious (cut-off 0.30),derived,inferred,derived,weighted_presence,,C0015.16 C0015.17 C0015.18 C0015.05,
C0015.20,C0015,Ruskwyn Fire Alarm,screen,in scope,state OH vs thesis states; fit tier A; passes every screen,derived,inferred,derived,scope_rules,,C0015.02 C0015.08,
C0016.01,C0016,Ruskmoor Fire Protection,name,Ruskmoor Fire Protection,operating name chosen by trust-weighted vote over 3 record(s); spelled 'Ruskmoor Fire Protection' in ASN-0016,"business_registry, state_license, trade_association",confirmed,observed,source_field,ASN-0016 LIC-0014 REG-0051,,
C0016.02,C0016,Ruskmoor Fire Protection,location,"Cedarbrook, ND",3 of 3 record(s) place the company in ND,"business_registry, state_license, trade_association",confirmed,observed,source_field,ASN-0016 LIC-0014 REG-0051,,
C0016.03,C0016,Ruskmoor Fire Protection,entity_resolution,3 record(s) from 3 source(s),"merged pairs: LIC-0014~REG-0051 (name 100, same ZIP); ASN-0016~REG-0051 (name 100); ASN-0016~LIC-0014 (name 100)","business_registry, state_license, trade_association",strong,observed,entity_resolution,ASN-0016 LIC-0014 REG-0051,,
C0016.04,C0016,Ruskmoor Fire Protection,legal_name,"Ruskmoor Fire Protection, Inc.",name with legal suffix as printed in LIC-0014,"business_registry, state_license",confirmed,observed,source_field,LIC-0014 REG-0051,,
C0016.05,C0016,Ruskmoor Fire Protection,naics_code,238220,NAICS 238220 (in thesis list),business_registry,confirmed,observed,source_field,REG-0051,,
C0016.06,C0016,Ruskmoor Fire Protection,license,Fire Sprinkler Contractor (Active),"LIC-0014: 'Fire Sprinkler Contractor', status Active",state_license,confirmed,observed,source_field,LIC-0014,,
C0016.07,C0016,Ruskmoor Fire Protection,services_listed,sprinkler inspection; fire pump testing,service and category text from 1 record(s),trade_association,strong,observed,source_field,ASN-0016,,
C0016.08,C0016,Ruskmoor Fire Protection,fit_tier,A,A (verified): sector license 'Fire Sprinkler Contractor',derived,strong,derived,keyword_rule,,C0016.06,
C0016.09,C0016,Ruskmoor Fire Protection,segment,sprinkler,"segment keyword hits: sprinkler 2, inspection 2",derived,inferred,derived,keyword_count,,C0016.07 C0016.06 C0016.01,
C0016.10,C0016,Ruskmoor Fire Protection,service_mix,recurring_heavy,"recurring terms ['inspection', 'testing'] vs install terms none",derived,inferred,derived,keyword_count,,C0016.07,
C0016.11,C0016,Ruskmoor Fire Protection,size_signal:employee_band,10-19,REG-0051 reports employee band 10-19 -> 10-19 employees (weight 1),business_registry,strong,observed,size_signal,REG-0051,,
C0016.12,C0016,Ruskmoor Fire Protection,size_signal:licensed_technicians,5,LIC-0014 reports licensed technicians 5 -> at least 6-20 employees (weight 0.6),state_license,strong,observed,size_signal,LIC-0014,,
C0016.13,C0016,Ruskmoor Fire Protection,employees_range,10-19,2 signal(s); midpoint 14; size confidence medium,derived,inferred,derived,weighted_geometric_mean,,C0016.11 C0016.12,
C0016.14,C0016,Ruskmoor Fire Protection,ebitda_estimate,394474,"14 employees x $177k revenue/employee (sprinkler) x 16.1% margin (recurring_heavy) = $0.39M median; 95% range $0.20M-$0.80M (sigma 0.36, endpoints)",derived,inferred,derived,lognormal_model,,C0016.13 C0016.09 C0016.10,
C0016.15,C0016,Ruskmoor Fire Protection,p_ebitda_ge_min,0.005,"log-normal(mu=12.89, sigma=0.36): P(EBITDA >= $1.00M)",derived,inferred,derived,lognormal_model,,C0016.14,
C0016.16,C0016,Ruskmoor Fire Protection,p_ebitda_in_band,0.005,"log-normal(mu=12.89, sigma=0.36): P($1.00M <= EBITDA <= $5.00M)",derived,inferred,derived,lognormal_model,,C0016.14,
C0016.17,C0016,Ruskmoor Fire Protection,presence:commercial_db_a,not found,no same-state listing reached 90; best score 28,commercial_db_a,inferred,external,fuzzy_name_match,,,query: Ruskmoor Fire Protection (ND)
C0016.18,C0016,Ruskmoor Fire Protection,presence:commercial_db_b,found,listing DBB-0002 'Ruskmoor Fire Protection' matched at 100,commercial_db_b,confirmed,external,fuzzy_name_match,,,DBB-0002
C0016.19,C0016,Ruskmoor Fire Protection,presence:investor_db,not found,no same-state listing reached 90; best score 42,investor_db,inferred,external,fuzzy_name_match,,,query: Ruskmoor Fire Protection (ND)
C0016.20,C0016,Ruskmoor Fire Protection,obviousness,0.3,(0.35xcommercial_db_a(0) + 0.30xcommercial_db_b(1) + 0.25xinvestor_db(0) + 0.10x website(0)) / total weight = 0.30; obvious (cut-off 0.30),derived,inferred,derived,weighted_presence,,C0016.17 C0016.18 C0016.19,
C0016.21,C0016,Ruskmoor Fire Protection,screen,in scope,state ND vs thesis states; fit tier A; passes every screen,derived,inferred,derived,scope_rules,,C0016.02 C0016.08,
C0017.01,C0017,Wexlgard Fire Inspection Services,name,Wexlgard Fire Inspection Services,operating name chosen by trust-weighted vote over 3 record(s); spelled 'Wexlgard Fire Inspection Services' in ASN-0017,"business_registry, trade_association, web_listing",confirmed,observed,source_field,ASN-0017 REG-0034 WEB-0015,,
C0017.02,C0017,Wexlgard Fire Inspection Services,location,"Elmdale, OH",3 of 3 record(s) place the company in OH,"business_registry, trade_association, web_listing",confirmed,observed,source_field,ASN-0017 REG-0034 WEB-0015,,
C0017.03,C0017,Wexlgard Fire Inspection Services,entity_resolution,3 record(s) from 3 source(s),"merged pairs: ASN-0017~REG-0034 (name 100); REG-0034~WEB-0015 (name 100); ASN-0017~WEB-0015 (name 100, same website)","business_registry, trade_association, web_listing",strong,observed,entity_resolution,ASN-0017 REG-0034 WEB-0015,,
C0017.04,C0017,Wexlgard Fire Inspection Services,legal_name,"Wexlgard Fire Inspection Services, Inc.",name with legal suffix as printed in REG-0034,business_registry,strong,observed,source_field,REG-0034,,
C0017.05,C0017,Wexlgard Fire Inspection Services,website,wexlgardfiresafety.example,website listed in 2 record(s),"trade_association, web_listing",confirmed,observed,source_field,ASN-0017 WEB-0015,,
C0017.06,C0017,Wexlgard Fire Inspection Services,naics_code,541350,NAICS 541350 (in thesis list),business_registry,confirmed,observed,source_field,REG-0034,,
C0017.07,C0017,Wexlgard Fire Inspection Services,services_listed,Fire safety inspection service; deficiency repairs; annual testing; deficiency repairs; annual testing; code compliance reports; 24/7 service; scheduled maintenance,service and category text from 2 record(s),"trade_association, web_listing",strong,observed,source_field,ASN-0017 WEB-0015,,
C0017.08,C0017,Wexlgard Fire Inspection Services,fit_tier,A,A (verified): in-thesis NAICS and service keywords ['fire safety'],derived,strong,derived,keyword_rule,,C0017.06 C0017.07,
C0017.09,C0017,Wexlgard Fire Inspection Services,segment,inspection,segment keyword hits: inspection 4.5,derived,inferred,derived,keyword_count,,C0017.07 C0017.01,
C0017.10,C0017,Wexlgard Fire Inspection Services,service_mix,recurring_heavy,"recurring terms ['inspection', 'testing', 'maintenance', '24/7 service', 'scheduled'] vs install terms none",derived,inferred,derived,keyword_count,,C0017.07,
C0017.11,C0017,Wexlgard Fire Inspection Services,size_signal:employee_band,20-49,REG-0034 reports employee band 20-49 -> 20-49 employees (weight 1),business_registry,strong,observed,size_signal,REG-0034,,
C0017.12,C0017,Wexlgard Fire Inspection Services,employees_range,20-49,1 signal(s); midpoint 31; size confidence low,derived,weak,derived,weighted_geometric_mean,,C0017.11,
C0017.13,C0017,Wexlgard Fire Inspection Services,ebitda_estimate,684713,"31 employees x $136k revenue/employee (inspection) x 16.1% margin (recurring_heavy) = $0.68M median; 95% range $0.30M-$1.57M (sigma 0.42, endpoints)",derived,weak,derived,lognormal_model,,C0017.12 C0017.09 C0017.10,
C0017.14,C0017,Wexlgard Fire Inspection Services,p_ebitda_ge_min,0.185,"log-normal(mu=13.44, sigma=0.42): P(EBITDA >= $1.00M)",derived,weak,derived,lognormal_model,,C0017.13,
C0017.15,C0017,Wexlgard Fire Inspection Services,p_ebitda_in_band,0.185,"log-normal(mu=13.44, sigma=0.42): P($1.00M <= EBITDA <= $5.00M)",derived,weak,derived,lognormal_model,,C0017.13,
C0017.16,C0017,Wexlgard Fire Inspection Services,presence:commercial_db_a,not found,no same-state listing reached 90; best score 44,commercial_db_a,inferred,external,fuzzy_name_match,,,query: Wexlgard Fire Inspection Services (OH)
C0017.17,C0017,Wexlgard Fire Inspection Services,presence:commercial_db_b,not found,no same-state listing reached 90; best score 75,commercial_db_b,inferred,external,fuzzy_name_match,,,query: Wexlgard Fire Inspection Services (OH)
C0017.18,C0017,Wexlgard Fire Inspection Services,presence:investor_db,not found,no same-state listing reached 90; best score 0,investor_db,inferred,external,fuzzy_name_match,,,query: Wexlgard Fire Inspection Services (OH)
C0017.19,C0017,Wexlgard Fire Inspection Services,obviousness,0.1,(0.35xcommercial_db_a(0) + 0.30xcommercial_db_b(0) + 0.25xinvestor_db(0) + 0.10x website(1)) / total weight = 0.10; non-obvious (cut-off 0.30),derived,inferred,derived,weighted_presence,,C0017.16 C0017.17 C0017.18 C0017.05,
C0017.20,C0017,Wexlgard Fire Inspection Services,screen,in scope,state OH vs thesis states; fit tier A; passes every screen,derived,inferred,derived,scope_rules,,C0017.02 C0017.08,
C0018.01,C0018,Maldmere Fire Sprinkler Systems,name,Maldmere Fire Sprinkler Systems,"operating name chosen by trust-weighted vote over 4 record(s); spelled 'Maldmere Fire Sprinkler Systems, Company' in ASN-0018","business_registry, state_license, trade_association, web_listing",confirmed,observed,source_field,ASN-0018 LIC-0009 REG-0032 WEB-0041,,
C0018.02,C0018,Maldmere Fire Sprinkler Systems,location,"Glenhaven, SD",4 of 4 record(s) place the company in SD,"business_registry, state_license, trade_association, web_listing",confirmed,observed,source_field,ASN-0018 LIC-0009 REG-0032 WEB-0041,,
C0018.03,C0018,Maldmere Fire Sprinkler Systems,entity_resolution,4 record(s) from 4 source(s),"merged pairs: LIC-0009~REG-0032 (name 100, same ZIP); REG-0032~WEB-0041 (name 100, same ZIP); LIC-0009~WEB-0041 (name 100, same ZIP); ASN-0018~REG-0032 (name 100); ASN-0018~LIC-0009 (name 100); +1 more","business_registry, state_license, trade_association, web_listing",strong,observed,entity_resolution,ASN-0018 LIC-0009 REG-0032 WEB-0041,,
C0018.04,C0018,Maldmere Fire Sprinkler Systems,legal_name,Maldmere Fire Sprinkler Systems Corp.,name with legal suffix as printed in LIC-0009,"business_registry, state_license",confirmed,observed,source_field,LIC-0009 REG-0032,,
C0018.05,C0018,Maldmere Fire Sprinkler Systems,naics_code,238220,NAICS 238220 (in thesis list),business_registry,confirmed,observed,source_field,REG-0032,,
C0018.06,C0018,Maldmere Fire Sprinkler Systems,license,Fire Sprinkler Contractor (Active),"LIC-0009: 'Fire Sprinkler Contractor', status Active",state_license,confirmed,observed,source_field,LIC-0009,,
C0018.07,C0018,Maldmere Fire Sprinkler Systems,services_listed,Fire sprinkler contractor; backflow testing; fire pump testing; standpipe service; fire sprinkler installation; sprinkler inspection; scheduled maintenance; 24/7 service,service and category text from 2 record(s),"trade_association, web_listing",strong,observed,source_field,ASN-0018 WEB-0041,,
C0018.08,C0018,Maldmere Fire Sprinkler Systems,fit_tier,A,A (verified): sector license 'Fire Sprinkler Contractor',derived,strong,derived,keyword_rule,,C0018.06,
C0018.09,C0018,Maldmere Fire Sprinkler Systems,segment,sprinkler,"segment keyword hits: sprinkler 4.5, inspection 2",derived,inferred,derived,keyword_count,,C0018.07 C0018.06 C0018.01,
C0018.10,C0018,Maldmere Fire Sprinkler Systems,service_mix,recurring_heavy,"recurring terms ['inspection', 'testing', 'maintenance', '24/7 service', 'scheduled'] vs install terms ['installation']",derived,inferred,derived,keyword_count,,C0018.07,
C0018.11,C0018,Maldmere Fire Sprinkler Systems,size_signal:employee_band,100-249,REG-0032 reports employee band 100-249 -> 100-249 employees (weight 1),business_registry,strong,observed,size_signal,REG-0032,,
C0018.12,C0018,Maldmere Fire Sprinkler Systems,size_signal:licensed_technicians,27,LIC-0009 reports licensed technicians 27 -> at least 34-108 employees (weight 0.6),state_license,strong,observed,size_signal,LIC-0009,,
C0018.13,C0018,Maldmere Fire Sprinkler Systems,size_signal:stated_headcount,65,WEB-0041 reports stated headcount 65 -> 55-81 employees (weight 0.9),web_listing,strong,observed,size_signal,WEB-0041,,
C0018.14,C0018,Maldmere Fire Sprinkler Systems,employees_range,75-146,3 signal(s); midpoint 105; size confidence high,derived,strong,derived,weighted_geometric_mean,,C0018.11 C0018.12 C0018.13,
C0018.15,C0018,Maldmere Fire Sprinkler Systems,ebitda_estimate,3009683,"105 employees x $177k revenue/employee (sprinkler) x 16.1% margin (recurring_heavy) = $3.01M median; 95% range $1.47M-$6.15M (sigma 0.36, endpoints)",derived,inferred,derived,lognormal_model,,C0018.14 C0018.09 C0018.10,
C0018.16,C0018,Maldmere Fire Sprinkler Systems,p_ebitda_ge_min,0.999,"log-normal(mu=14.92, sigma=0.36): P(EBITDA >= $1.00M)",derived,inferred,derived,lognormal_model,,C0018.15,
C0018.17,C0018,Maldmere Fire Sprinkler Systems,p_ebitda_in_band,0.917,"log-normal(mu=14.92, sigma=0.36): P($1.00M <= EBITDA <= $5.00M)",derived,inferred,derived,lognormal_model,,C0018.15,
C0018.18,C0018,Maldmere Fire Sprinkler Systems,presence:commercial_db_a,not found,no same-state listing reached 90; best score 41,commercial_db_a,inferred,external,fuzzy_name_match,,,query: Maldmere Fire Sprinkler Systems (SD)
C0018.19,C0018,Maldmere Fire Sprinkler Systems,presence:commercial_db_b,not found,no same-state listing reached 90; best score 52,commercial_db_b,inferred,external,fuzzy_name_match,,,query: Maldmere Fire Sprinkler Systems (SD)
C0018.20,C0018,Maldmere Fire Sprinkler Systems,presence:investor_db,not found,no same-state listing reached 90; best score 40,investor_db,inferred,external,fuzzy_name_match,,,query: Maldmere Fire Sprinkler Systems (SD)
C0018.21,C0018,Maldmere Fire Sprinkler Systems,obviousness,0,(0.35xcommercial_db_a(0) + 0.30xcommercial_db_b(0) + 0.25xinvestor_db(0) + 0.10x website(0)) / total weight = 0.00; non-obvious (cut-off 0.30),derived,inferred,derived,weighted_presence,,C0018.18 C0018.19 C0018.20,
C0018.22,C0018,Maldmere Fire Sprinkler Systems,screen,in scope,state SD vs thesis states; fit tier A; passes every screen,derived,inferred,derived,scope_rules,,C0018.02 C0018.08,
C0019.01,C0019,Ulvstow Fire Sprinkler Systems,name,Ulvstow Fire Sprinkler Systems,operating name chosen by trust-weighted vote over 3 record(s); spelled 'Ulvstow Fire Sprinkler Systems' in ASN-0019,"business_registry, state_license, trade_association",confirmed,observed,source_field,ASN-0019 LIC-0001 REG-0005,,
C0019.02,C0019,Ulvstow Fire Sprinkler Systems,location,"Larkbrook, IA",3 of 3 record(s) place the company in IA,"business_registry, state_license, trade_association",confirmed,observed,source_field,ASN-0019 LIC-0001 REG-0005,,
C0019.03,C0019,Ulvstow Fire Sprinkler Systems,entity_resolution,3 record(s) from 3 source(s),"merged pairs: LIC-0001~REG-0005 (name 100, same ZIP); ASN-0019~REG-0005 (name 100); ASN-0019~LIC-0001 (name 100)","business_registry, state_license, trade_association",strong,observed,entity_resolution,ASN-0019 LIC-0001 REG-0005,,
C0019.04,C0019,Ulvstow Fire Sprinkler Systems,legal_name,Ulvstow Fire Sprinkler Systems Inc.,name with legal suffix as printed in REG-0005,business_registry,strong,observed,source_field,REG-0005,,
C0019.05,C0019,Ulvstow Fire Sprinkler Systems,naics_code,238220,NAICS 238220 (in thesis list),business_registry,confirmed,observed,source_field,REG-0005,,
C0019.06,C0019,Ulvstow Fire Sprinkler Systems,license,Fire Sprinkler Contractor (Active),"LIC-0001: 'Fire Sprinkler Contractor', status Active",state_license,confirmed,observed,source_field,LIC-0001,,
C0019.07,C0019,Ulvstow Fire Sprinkler Systems,services_listed,standpipe service; sprinkler inspection,service and category text from 1 record(s),trade_association,strong,observed,source_field,ASN-0019,,
C0019.08,C0019,Ulvstow Fire Sprinkler Systems,fit_tier,A,A (verified): sector license 'Fire Sprinkler Contractor',derived,strong,derived,keyword_rule,,C0019.06,
C0019.09,C0019,Ulvstow Fire Sprinkler Systems,segment,sprinkler,"segment keyword hits: sprinkler 2.5, inspection 1",derived,inferred,derived,keyword_count,,C0019.07 C0019.06 C0019.01,
C0019.10,C0019,Ulvstow Fire Sprinkler Systems,service_mix,recurring_heavy,recurring terms ['inspection'] vs install terms none,derived,inferred,derived,keyword_count,,C0019.07,
C0019.11,C0019,Ulvstow Fire Sprinkler Systems,size_signal:employee_band,10-19,REG-0005 reports employee band 10-19 -> 10-19 employees (weight 1),business_registry,strong,observed,size_signal,REG-0005,,
C0019.12,C0019,Ulvstow Fire Sprinkler Systems,size_signal:licensed_technicians,11,LIC-0001 reports licensed technicians 11 -> at least 14-44 employees (weight 0.6),state_license,strong,observed,size_signal,LIC-0001,,
C0019.13,C0019,Ulvstow Fire Sprinkler Systems,employees_range,14-21,2 signal(s); midpoint 17; size confidence medium,derived,inferred,derived,weighted_geometric_mean,,C0019.11 C0019.12,
C0019.14,C0019,Ulvstow Fire Sprinkler Systems,ebitda_estimate,481937,"17 employees x $177k revenue/employee (sprinkler) x 16.1% margin (recurring_heavy) = $0.48M median; 95% range $0.27M-$0.87M (sigma 0.30, endpoints)",derived,inferred,derived,lognormal_model,,C0019.13 C0019.09 C0019.10,
C0019.15,C0019,Ulvstow Fire Sprinkler Systems,p_ebitda_ge_min,0.007,"log-normal(mu=13.09, sigma=0.30): P(EBITDA >= $1.00M)",derived,inferred,derived,lognormal_model,,C0019.14,
C0019.16,C0019,Ulvstow Fire Sprinkler Systems,p_ebitda_in_band,0.007,"log-normal(mu=13.09, sigma=0.30): P($1.00M <= EBITDA <= $5.00M)",derived,inferred,derived,lognormal_model,,C0019.14,
C0019.17,C0019,Ulvstow Fire Sprinkler Systems,presence:commercial_db_a,found,listing DBA-0014 'Ulvstow Fire Sprinkler Systems' matched at 100,commercial_db_a,confirmed,external,fuzzy_name_match,,,DBA-0014
C0019.18,C0019,Ulvstow Fire Sprinkler Systems,presence:commercial_db_b,found,listing DBB-0031 'Ulvstow Fire Sprinkler Systems' matched at 100,commercial_db_b,confirmed,external,fuzzy_name_match,,,DBB-0031
C0019.19,C0019,Ulvstow Fire Sprinkler Systems,presence:investor_db,not found,no same-state listing reached 90; best score 48,investor_db,inferred,external,fuzzy_name_match,,,query: Ulvstow Fire Sprinkler Systems (IA)
C0019.20,C0019,Ulvstow Fire Sprinkler Systems,obviousness,0.65,(0.35xcommercial_db_a(1) + 0.30xcommercial_db_b(1) + 0.25xinvestor_db(0) + 0.10x website(0)) / total weight = 0.65; obvious (cut-off 0.30),derived,inferred,derived,weighted_presence,,C0019.17 C0019.18 C0019.19,
C0019.21,C0019,Ulvstow Fire Sprinkler Systems,screen,in scope,state IA vs thesis states; fit tier A; passes every screen,derived,inferred,derived,scope_rules,,C0019.02 C0019.08,
C0020.01,C0020,Ulvholt Electrical Contractors,name,Ulvholt Electrical Contractors,operating name chosen by trust-weighted vote over 2 record(s); spelled 'ULVHOLT ELECTRICAL CONTRACTORS COMPANY' in REG-0037,"business_registry, state_license",confirmed,observed,source_field,LIC-0003 REG-0037,,
C0020.02,C0020,Ulvholt Electrical Contractors,location,"Foxfield, NE",2 of 2 record(s) place the company in NE,"business_registry, state_license",confirmed,observed,source_field,LIC-0003 REG-0037,,
C0020.03,C0020,Ulvholt Electrical Contractors,entity_resolution,2 record(s) from 2 source(s),"merged pairs: LIC-0003~REG-0037 (name 100, same ZIP)","business_registry, state_license",strong,observed,entity_resolution,LIC-0003 REG-0037,,
C0020.04,C0020,Ulvholt Electrical Contractors,legal_name,Ulvholt Electrical Contractors Company,name with legal suffix as printed in REG-0037,business_registry,strong,observed,source_field,REG-0037,,
C0020.05,C0020,Ulvholt Electrical Contractors,naics_code,238210,NAICS 238210 (in thesis list),business_registry,confirmed,observed,source_field,REG-0037,,
C0020.06,C0020,Ulvholt Electrical Contractors,license,Fire Alarm Contractor (Active),"LIC-0003: 'Fire Alarm Contractor', status Active",state_license,confirmed,observed,source_field,LIC-0003,,
C0020.07,C0020,Ulvholt Electrical Contractors,fit_tier,A,A (verified): sector license 'Fire Alarm Contractor',derived,strong,derived,keyword_rule,,C0020.06,
C0020.08,C0020,Ulvholt Electrical Contractors,segment,alarm,segment keyword hits: alarm 1,derived,inferred,derived,keyword_count,,C0020.06 C0020.01,
C0020.09,C0020,Ulvholt Electrical Contractors,service_mix,unknown,recurring terms none vs install terms none,derived,weak,derived,keyword_count,,C0020.07,
C0020.10,C0020,Ulvholt Electrical Contractors,size_signal:employee_band,10-19,REG-0037 reports employee band 10-19 -> 10-19 employees (weight 1),business_registry,strong,observed,size_signal,REG-0037,,
C0020.11,C0020,Ulvholt Electrical Contractors,size_signal:licensed_technicians,4,LIC-0003 reports licensed technicians 4 -> at least 5-16 employees (weight 0.6),state_license,strong,observed,size_signal,LIC-0003,,
C0020.12,C0020,Ulvholt Electrical Contractors,employees_range,10-19,2 signal(s); midpoint 14; size confidence medium,derived,inferred,derived,weighted_geometric_mean,,C0020.10 C0020.11,
C0020.13,C0020,Ulvholt Electrical Contractors,ebitda_estimate,269477,"14 employees x $165k revenue/employee (alarm) x 11.8% margin (unknown) = $0.27M median; 95% range $0.10M-$0.74M (sigma 0.52, endpoints)",derived,inferred,derived,lognormal_model,,C0020.12 C0020.08 C0020.09,
C0020.14,C0020,Ulvholt Electrical Contractors,p_ebitda_ge_min,0.006,"log-normal(mu=12.50, sigma=0.52): P(EBITDA >= $1.00M)",derived,inferred,derived,lognormal_model,,C0020.13,
C0020.15,C0020,Ulvholt Electrical Contractors,p_ebitda_in_band,0.006,"log-normal(mu=12.50, sigma=0.52): P($1.00M <= EBITDA <= $5.00M)",derived,inferred,derived,lognormal_model,,C0020.13,
C0020.16,C0020,Ulvholt Electrical Contractors,presence:commercial_db_a,not found,no same-state listing reached 90; best score 32,commercial_db_a,inferred,external,fuzzy_name_match,,,query: Ulvholt Electrical Contractors (NE)
C0020.17,C0020,Ulvholt Electrical Contractors,presence:commercial_db_b,not found,no same-state listing reached 90; best score 35,commercial_db_b,inferred,external,fuzzy_name_match,,,query: Ulvholt Electrical Contractors (NE)
C0020.18,C0020,Ulvholt Electrical Contractors,presence:investor_db,not found,no same-state listing reached 90; best score 34,investor_db,inferred,external,fuzzy_name_match,,,query: Ulvholt Electrical Contractors (NE)
C0020.19,C0020,Ulvholt Electrical Contractors,obviousness,0,(0.35xcommercial_db_a(0) + 0.30xcommercial_db_b(0) + 0.25xinvestor_db(0) + 0.10x website(0)) / total weight = 0.00; non-obvious (cut-off 0.30),derived,inferred,derived,weighted_presence,,C0020.16 C0020.17 C0020.18,
C0020.20,C0020,Ulvholt Electrical Contractors,screen,in scope,state NE vs thesis states; fit tier A; passes every screen,derived,inferred,derived,scope_rules,,C0020.02 C0020.07,
C0021.01,C0021,Fylley Sprinkler,name,Fylley Sprinkler,operating name chosen by trust-weighted vote over 2 record(s); spelled 'FYLLEY SPRINKLER CO' in LIC-0004,"business_registry, state_license",confirmed,observed,source_field,LIC-0004 REG-0043,,
C0021.02,C0021,Fylley Sprinkler,location,"Hollowford, MI",2 of 2 record(s) place the company in MI,"business_registry, state_license",confirmed,observed,source_field,LIC-0004 REG-0043,,
C0021.03,C0021,Fylley Sprinkler,entity_resolution,2 record(s) from 2 source(s),"merged pairs: LIC-0004~REG-0043 (name 100, same ZIP)","business_registry, state_license",strong,observed,entity_resolution,LIC-0004 REG-0043,,
C0021.04,C0021,Fylley Sprinkler,legal_name,"Fylley Sprinkler Co, Inc.",name with legal suffix as printed in REG-0043,business_registry,strong,observed,source_field,REG-0043,,
C0021.05,C0021,Fylley Sprinkler,naics_code,238220,NAICS 238220 (in thesis list),business_registry,confirmed,observed,source_field,REG-0043,,
C0021.06,C0021,Fylley Sprinkler,license,Fire Sprinkler Contractor (Active),"LIC-0004: 'Fire Sprinkler Contractor', status Active",state_license,confirmed,observed,source_field,LIC-0004,,
C0021.07,C0021,Fylley Sprinkler,fit_tier,A,A (verified): sector license 'Fire Sprinkler Contractor',derived,strong,derived,keyword_rule,,C0021.06,
C0021.08,C0021,Fylley Sprinkler,segment,sprinkler,segment keyword hits: sprinkler 1.5,derived,inferred,derived,keyword_count,,C0021.06 C0021.01,
C0021.09,C0021,Fylley Sprinkler,service_mix,unknown,recurring terms none vs install terms none,derived,weak,derived,keyword_count,,C0021.07,
C0021.10,C0021,Fylley Sprinkler,size_signal:licensed_technicians,11,LIC-0004 reports licensed technicians 11 -> at least 14-44 employees (weight 0.6),state_license,strong,observed,size_signal,LIC-0004,,
C0021.11,C0021,Fylley Sprinkler,employees_range,14-44,1 signal(s); midpoint 25; size confidence low,derived,weak,derived,weighted_geometric_mean,,C0021.10,
C0021.12,C0021,Fylley Sprinkler,ebitda_estimate,516532,"25 employees x $177k revenue/employee (sprinkler) x 11.8% margin (unknown) = $0.52M median; 95% range $0.14M-$1.85M (sigma 0.65, endpoints)",derived,weak,derived,lognormal_model,,C0021.11 C0021.08 C0021.09,
C0021.13,C0021,Fylley Sprinkler,p_ebitda_ge_min,0.155,"log-normal(mu=13.15, sigma=0.65): P(EBITDA >= $1.00M)",derived,weak,derived,lognormal_model,,C0021.12,
C0021.14,C0021,Fylley Sprinkler,p_ebitda_in_band,0.155,"log-normal(mu=13.15, sigma=0.65): P($1.00M <= EBITDA <= $5.00M)",derived,weak,derived,lognormal_model,,C0021.12,
C0021.15,C0021,Fylley Sprinkler,presence:commercial_db_a,not found,no same-state listing reached 90; best score 31,commercial_db_a,inferred,external,fuzzy_name_match,,,query: Fylley Sprinkler (MI)
C0021.16,C0021,Fylley Sprinkler,presence:commercial_db_b,found,"listing DBB-0020 'Fylley Sprinkler Co, Inc.' matched at 100",commercial_db_b,confirmed,external,fuzzy_name_match,,,DBB-0020
C0021.17,C0021,Fylley Sprinkler,presence:investor_db,not found,no same-state listing reached 90; best score 0,investor_db,inferred,external,fuzzy_name_match,,,query: Fylley Sprinkler (MI)
C0021.18,C0021,Fylley Sprinkler,obviousness,0.3,(0.35xcommercial_db_a(0) + 0.30xcommercial_db_b(1) + 0.25xinvestor_db(0) + 0.10x website(0)) / total weight = 0.30; obvious (cut-off 0.30),derived,inferred,derived,weighted_presence,,C0021.15 C0021.16 C0021.17,
C0021.19,C0021,Fylley Sprinkler,screen,in scope,state MI vs thesis states; fit tier A; passes every screen,derived,inferred,derived,scope_rules,,C0021.02 C0021.07,
C0022.01,C0022,Torvdell Extinguisher Service,name,Torvdell Extinguisher Service,operating name chosen by trust-weighted vote over 2 record(s); spelled 'Torvdell Extinguisher Service' in LIC-0005,"business_registry, state_license",confirmed,observed,source_field,LIC-0005 REG-0038,,
C0022.02,C0022,Torvdell Extinguisher Service,location,"Larkview, TN",2 of 2 record(s) place the company in TN,"business_registry, state_license",confirmed,observed,source_field,LIC-0005 REG-0038,,
C0022.03,C0022,Torvdell Extinguisher Service,entity_resolution,2 record(s) from 2 source(s),"merged pairs: LIC-0005~REG-0038 (name 100, same ZIP)","business_registry, state_license",strong,observed,entity_resolution,LIC-0005 REG-0038,,
C0022.04,C0022,Torvdell Extinguisher Service,legal_name,"Torvdell Extinguisher Service, Inc",name with legal suffix as printed in REG-0038,business_registry,strong,observed,source_field,REG-0038,,
C0022.05,C0022,Torvdell Extinguisher Service,naics_code,811310,NAICS 811310 (in thesis list),business_registry,confirmed,observed,source_field,REG-0038,,
C0022.06,C0022,Torvdell Extinguisher Service,license,Portable Extinguisher Service (Active),"LIC-0005: 'Portable Extinguisher Service', status Active",state_license,confirmed,observed,source_field,LIC-0005,,
C0022.07,C0022,Torvdell Extinguisher Service,fit_tier,A,A (verified): sector license 'Portable Extinguisher Service',derived,strong,derived,keyword_rule,,C0022.06,
C0022.08,C0022,Torvdell Extinguisher Service,segment,suppression,segment keyword hits: suppression 1.5,derived,inferred,derived,keyword_count,,C0022.06 C0022.01,
C0022.09,C0022,Torvdell Extinguisher Service,service_mix,unknown,recurring terms none vs install terms none,derived,weak,derived,keyword_count,,C0022.07,
C0022.10,C0022,Torvdell Extinguisher Service,size_signal:employee_band,50-99,REG-0038 reports employee band 50-99 -> 50-99 employees (weight 1),business_registry,strong,observed,size_signal,REG-0038,,
C0022.11,C0022,Torvdell Extinguisher Service,size_signal:licensed_technicians,16,LIC-0005 reports licensed technicians 16 -> at least 20-64 employees (weight 0.6),state_license,strong,observed,size_signal,LIC-0005,,
C0022.12,C0022,Torvdell Extinguisher Service,employees_range,50-99,2 signal(s); midpoint 70; size confidence medium,derived,inferred,derived,weighted_geometric_mean,,C0022.10 C0022.11,
C0022.13,C0022,Torvdell Extinguisher Service,ebitda_estimate,1189000,"70 employees x $143k revenue/employee (suppression) x 11.8% margin (unknown) = $1.19M median; 95% range $0.42M-$3.37M (sigma 0.53, endpoints)",derived,inferred,derived,lognormal_model,,C0022.12 C0022.08 C0022.09,
C0022.14,C0022,Torvdell Extinguisher Service,p_ebitda_ge_min,0.628,"log-normal(mu=13.99, sigma=0.53): P(EBITDA >= $1.00M)",derived,inferred,derived,lognormal_model,,C0022.13,
C0022.15,C0022,Torvdell Extinguisher Service,p_ebitda_in_band,0.624,"log-normal(mu=13.99, sigma=0.53): P($1.00M <= EBITDA <= $5.00M)",derived,inferred,derived,lognormal_model,,C0022.13,
C0022.16,C0022,Torvdell Extinguisher Service,presence:commercial_db_a,not found,no same-state listing reached 90; best score 0,commercial_db_a,inferred,external,fuzzy_name_match,,,query: Torvdell Extinguisher Service (TN)
C0022.17,C0022,Torvdell Extinguisher Service,presence:commercial_db_b,not found,no same-state listing reached 90; best score 40,commercial_db_b,inferred,external,fuzzy_name_match,,,query: Torvdell Extinguisher Service (TN)
C0022.18,C0022,Torvdell Extinguisher Service,presence:investor_db,not found,no same-state listing reached 90; best score 0,investor_db,inferred,external,fuzzy_name_match,,,query: Torvdell Extinguisher Service (TN)
C0022.19,C0022,Torvdell Extinguisher Service,obviousness,0,(0.35xcommercial_db_a(0) + 0.30xcommercial_db_b(0) + 0.25xinvestor_db(0) + 0.10x website(0)) / total weight = 0.00; non-obvious (cut-off 0.30),derived,inferred,derived,weighted_presence,,C0022.16 C0022.17 C0022.18,
C0022.20,C0022,Torvdell Extinguisher Service,screen,excluded: out_of_geography,state TN vs thesis states; fit tier A; exclusions: out_of_geography,derived,inferred,derived,scope_rules,,C0022.02 C0022.07,
C0023.01,C0023,Lombley Fire Suppression,name,Lombley Fire Suppression,operating name chosen by trust-weighted vote over 3 record(s); spelled 'Lombley Fire Suppression' in REG-0010,"business_registry, state_license, web_listing",confirmed,observed,source_field,LIC-0006 REG-0010 WEB-0036,,
C0023.02,C0023,Lombley Fire Suppression,location,"Wilport, TX",3 of 3 record(s) place the company in TX,"business_registry, state_license, web_listing",confirmed,observed,source_field,LIC-0006 REG-0010 WEB-0036,,
C0023.03,C0023,Lombley Fire Suppression,entity_resolution,3 record(s) from 3 source(s),"merged pairs: LIC-0006~REG-0010 (name 100, same ZIP); REG-0010~WEB-0036 (name 100, same ZIP); LIC-0006~WEB-0036 (name 100, same ZIP)","business_registry, state_license, web_listing",strong,observed,entity_resolution,LIC-0006 REG-0010 WEB-0036,,
C0023.04,C0023,Lombley Fire Suppression,legal_name,"Prynrigg Enterprises, Inc.",name with legal suffix as printed in REG-0010,business_registry,strong,observed,source_field,REG-0010,,
C0023.05,C0023,Lombley Fire Suppression,website,lombleyfireequip.example,website listed in 1 record(s),web_listing,strong,observed,source_field,WEB-0036,,
C0023.06,C0023,Lombley Fire Suppression,naics_code,811310,NAICS 811310 (in thesis list),business_registry,confirmed,observed,source_field,REG-0010,,
C0023.07,C0023,Lombley Fire Suppression,license,Portable Extinguisher Service (Active),"LIC-0006: 'Portable Extinguisher Service', status Active",state_license,confirmed,observed,source_field,LIC-0006,,
C0023.08,C0023,Lombley Fire Suppression,services_listed,Fire extinguisher service; fire extinguisher service; clean agent systems; kitchen hood suppression; new construction,service and category text from 1 record(s),web_listing,strong,observed,source_field,WEB-0036,,
C0023.09,C0023,Lombley Fire Suppression,fit_tier,A,A (verified): sector license 'Portable Extinguisher Service',derived,strong,derived,keyword_rule,,C0023.07,
C0023.10,C0023,Lombley Fire Suppression,segment,suppression,segment keyword hits: suppression 4.5,derived,inferred,derived,keyword_count,,C0023.08 C0023.07 C0023.01,
C0023.11,C0023,Lombley Fire Suppression,service_mix,install_heavy,recurring terms none vs install terms ['new construction'],derived,inferred,derived,keyword_count,,C0023.08,
C0023.12,C0023,Lombley Fire Suppression,size_signal:employee_band,50-99,REG-0010 reports employee band 50-99 -> 50-99 employees (weight 1),business_registry,strong,observed,size_signal,REG-0010,,
C0023.13,C0023,Lombley Fire Suppression,size_signal:licensed_technicians,21,LIC-0006 reports licensed technicians 21 -> at least 26-84 employees (weight 0.6),state_license,strong,observed,size_signal,LIC-0006,,
C0023.14,C0023,Lombley Fire Suppression,size_signal:stated_headcount,55,WEB-0036 reports stated headcount 55 -> 47-69 employees (weight 0.9),web_listing,strong,observed,size_signal,WEB-0036,,
C0023.15,C0023,Lombley Fire Suppression,employees_range,48-83,3 signal(s); midpoint 64; size confidence high,derived,strong,derived,weighted_geometric_mean,,C0023.12 C0023.13 C0023.14,
C0023.16,C0023,Lombley Fire Suppression,ebitda_estimate,831452,"64 employees x $143k revenue/employee (suppression) x 9.2% margin (install_heavy) = $0.83M median; 95% range $0.41M-$1.70M (sigma 0.36, endpoints)",derived,inferred,derived,lognormal_model,,C0023.15 C0023.10 C0023.11,
C0023.17,C0023,Lombley Fire Suppression,p_ebitda_ge_min,0.306,"log-normal(mu=13.63, sigma=0.36): P(EBITDA >= $1.00M)",derived,inferred,derived,lognormal_model,,C0023.16,
C0023.18,C0023,Lombley Fire Suppression,p_ebitda_in_band,0.306,"log-normal(mu=13.63, sigma=0.36): P($1.00M <= EBITDA <= $5.00M)",derived,inferred,derived,lognormal_model,,C0023.16,
C0023.19,C0023,Lombley Fire Suppression,presence:commercial_db_a,found,listing DBA-0018 'Lombley Fire Suppression' matched at 100,commercial_db_a,confirmed,external,fuzzy_name_match,,,DBA-0018
C0023.20,C0023,Lombley Fire Suppression,presence:commercial_db_b,not found,no same-state listing reached 90; best score 36,commercial_db_b,inferred,external,fuzzy_name_match,,,query: Lombley Fire Suppression (TX)
C0023.21,C0023,Lombley Fire Suppression,presence:investor_db,not found,no same-state listing reached 90; best score 39,investor_db,inferred,external,fuzzy_name_match,,,query: Lombley Fire Suppression (TX)
C0023.22,C0023,Lombley Fire Suppression,obviousness,0.45,(0.35xcommercial_db_a(1) + 0.30xcommercial_db_b(0) + 0.25xinvestor_db(0) + 0.10x website(1)) / total weight = 0.45; obvious (cut-off 0.30),derived,inferred,derived,weighted_presence,,C0023.19 C0023.20 C0023.21 C0023.05,
C0023.23,C0023,Lombley Fire Suppression,screen,excluded: out_of_geography,state TX vs thesis states; fit tier A; exclusions: out_of_geography,derived,inferred,derived,scope_rules,,C0023.02 C0023.09,
C0024.01,C0024,Creskgard Sprinkler,name,Creskgard Sprinkler,operating name chosen by trust-weighted vote over 1 record(s); spelled 'Creskgard Sprinkler Co' in LIC-0007,state_license,strong,observed,source_field,LIC-0007,,
C0024.02,C0024,Creskgard Sprinkler,location,"Bramview, WI",1 of 1 record(s) place the company in WI,state_license,strong,observed,source_field,LIC-0007,,
C0024.03,C0024,Creskgard Sprinkler,entity_resolution,1 record(s) from 1 source(s),no other record scored at or above the merge threshold,state_license,strong,observed,entity_resolution,LIC-0007,,
C0024.04,C0024,Creskgard Sprinkler,legal_name,Creskgard Sprinkler Co,name with legal suffix as printed in LIC-0007,state_license,strong,observed,source_field,LIC-0007,,
C0024.05,C0024,Creskgard Sprinkler,license,Fire Sprinkler Contractor (Active),"LIC-0007: 'Fire Sprinkler Contractor', status Active",state_license,confirmed,observed,source_field,LIC-0007,,
C0024.06,C0024,Creskgard Sprinkler,fit_tier,A,A (verified): sector license 'Fire Sprinkler Contractor',derived,strong,derived,keyword_rule,,C0024.05,
C0024.07,C0024,Creskgard Sprinkler,segment,sprinkler,segment keyword hits: sprinkler 1.5,derived,inferred,derived,keyword_count,,C0024.05 C0024.01,
C0024.08,C0024,Creskgard Sprinkler,service_mix,unknown,recurring terms none vs install terms none,derived,weak,derived,keyword_count,,C0024.06,
C0024.09,C0024,Creskgard Sprinkler,size_signal:licensed_technicians,16,LIC-0007 reports licensed technicians 16 -> at least 20-64 employees (weight 0.6),state_license,strong,observed,size_signal,LIC-0007,,
C0024.10,C0024,Creskgard Sprinkler,employees_range,20-64,1 signal(s); midpoint 36; size confidence low,derived,weak,derived,weighted_geometric_mean,,C0024.09,
C0024.11,C0024,Creskgard Sprinkler,ebitda_estimate,751319,"36 employees x $177k revenue/employee (sprinkler) x 11.8% margin (unknown) = $0.75M median; 95% range $0.21M-$2.69M (sigma 0.65, endpoints)",derived,weak,derived,lognormal_model,,C0024.10 C0024.07 C0024.08,
C0024.12,C0024,Creskgard Sprinkler,p_ebitda_ge_min,0.33,"log-normal(mu=13.53, sigma=0.65): P(EBITDA >= $1.00M)",derived,weak,derived,lognormal_model,,C0024.11,
C0024.13,C0024,Creskgard Sprinkler,p_ebitda_in_band,0.328,"log-normal(mu=13.53, sigma=0.65): P($1.00M <= EBITDA <= $5.00M)",derived,weak,derived,lognormal_model,,C0024.11,
C0024.14,C0024,Creskgard Sprinkler,presence:commercial_db_a,not found,no same-state listing reached 90; best score 38,commercial_db_a,inferred,external,fuzzy_name_match,,,query: Creskgard Sprinkler (WI)
C0024.15,C0024,Creskgard Sprinkler,presence:commercial_db_b,found,listing DBB-0005 'Creskgard Sprinkler Co' matched at 100,commercial_db_b,confirmed,external,fuzzy_name_match,,,DBB-0005
C0024.16,C0024,Creskgard Sprinkler,presence:investor_db,found,listing INV-0005 'Creskgard Sprinkler Co' matched at 100,investor_db,confirmed,external,fuzzy_name_match,,,INV-0005
C0024.17,C0024,Creskgard Sprinkler,obviousness,0.55,(0.35xcommercial_db_a(0) + 0.30xcommercial_db_b(1) + 0.25xinvestor_db(1) + 0.10x website(0)) / total weight = 0.55; obvious (cut-off 0.30),derived,inferred,derived,weighted_presence,,C0024.14 C0024.15 C0024.16,
C0024.18,C0024,Creskgard Sprinkler,screen,in scope,state WI vs thesis states; fit tier A; passes every screen,derived,inferred,derived,scope_rules,,C0024.02 C0024.06,
C0025.01,C0025,Tambholt Sprinkler,name,Tambholt Sprinkler,operating name chosen by trust-weighted vote over 2 record(s); spelled 'TAMBHOLT SPRINKLER CO INC' in REG-0046,"business_registry, state_license",confirmed,observed,source_field,LIC-0008 REG-0046,,
C0025.02,C0025,Tambholt Sprinkler,location,"Bramville, IN",2 of 2 record(s) place the company in IN,"business_registry, state_license",confirmed,observed,source_field,LIC-0008 REG-0046,,
C0025.03,C0025,Tambholt Sprinkler,entity_resolution,2 record(s) from 2 source(s),"merged pairs: LIC-0008~REG-0046 (name 100, same ZIP)","business_registry, state_license",strong,observed,entity_resolution,LIC-0008 REG-0046,,
C0025.04,C0025,Tambholt Sprinkler,legal_name,Tambholt Sprinkler Co Inc,name with legal suffix as printed in REG-0046,business_registry,strong,observed,source_field,REG-0046,,
C0025.05,C0025,Tambholt Sprinkler,naics_code,238220,NAICS 238220 (in thesis list),business_registry,confirmed,observed,source_field,REG-0046,,
C0025.06,C0025,Tambholt Sprinkler,license,Fire Sprinkler Contractor (Active),"LIC-0008: 'Fire Sprinkler Contractor', status Active",state_license,confirmed,observed,source_field,LIC-0008,,
C0025.07,C0025,Tambholt Sprinkler,fit_tier,A,A (verified): sector license 'Fire Sprinkler Contractor',derived,strong,derived,keyword_rule,,C0025.06,
C0025.08,C0025,Tambholt Sprinkler,segment,sprinkler,segment keyword hits: sprinkler 1.5,derived,inferred,derived,keyword_count,,C0025.06 C0025.01,
C0025.09,C0025,Tambholt Sprinkler,service_mix,unknown,recurring terms none vs install terms none,derived,weak,derived,keyword_count,,C0025.07,
C0025.10,C0025,Tambholt Sprinkler,size_signal:employee_band,50-99,REG-0046 reports employee band 50-99 -> 50-99 employees (weight 1),business_registry,strong,observed,size_signal,REG-0046,,
C0025.11,C0025,Tambholt Sprinkler,size_signal:licensed_technicians,32,LIC-0008 reports licensed technicians 32 -> at least 40-128 employees (weight 0.6),state_license,strong,observed,size_signal,LIC-0008,,
C0025.12,C0025,Tambholt Sprinkler,employees_range,50-99,2 signal(s); midpoint 70; size confidence medium,derived,inferred,derived,weighted_geometric_mean,,C0025.10 C0025.11,
C0025.13,C0025,Tambholt Sprinkler,ebitda_estimate,1477481,"70 employees x $177k revenue/employee (sprinkler) x 11.8% margin (unknown) = $1.48M median; 95% range $0.53M-$4.16M (sigma 0.53, endpoints)",derived,inferred,derived,lognormal_model,,C0025.12 C0025.08 C0025.09,
C0025.14,C0025,Tambholt Sprinkler,p_ebitda_ge_min,0.77,"log-normal(mu=14.21, sigma=0.53): P(EBITDA >= $1.00M)",derived,inferred,derived,lognormal_model,,C0025.13,
C0025.15,C0025,Tambholt Sprinkler,p_ebitda_in_band,0.76,"log-normal(mu=14.21, sigma=0.53): P($1.00M <= EBITDA <= $5.00M)",derived,inferred,derived,lognormal_model,,C0025.13,
C0025.16,C0025,Tambholt Sprinkler,presence:commercial_db_a,not found,no same-state listing reached 90; best score 37,commercial_db_a,inferred,external,fuzzy_name_match,,,query: Tambholt Sprinkler (IN)
C0025.17,C0025,Tambholt Sprinkler,presence:commercial_db_b,found,listing DBB-0034 'Tambholt Sprnikler Co' matched at 94,commercial_db_b,strong,external,fuzzy_name_match,,,DBB-0034
C0025.18,C0025,Tambholt Sprinkler,presence:investor_db,not found,no same-state listing reached 90; best score 44,investor_db,inferred,external,fuzzy_name_match,,,query: Tambholt Sprinkler (IN)
C0025.19,C0025,Tambholt Sprinkler,obviousness,0.3,(0.35xcommercial_db_a(0) + 0.30xcommercial_db_b(1) + 0.25xinvestor_db(0) + 0.10x website(0)) / total weight = 0.30; obvious (cut-off 0.30),derived,inferred,derived,weighted_presence,,C0025.16 C0025.17 C0025.18,
C0025.20,C0025,Tambholt Sprinkler,screen,in scope,state IN vs thesis states; fit tier A; passes every screen,derived,inferred,derived,scope_rules,,C0025.02 C0025.07,
C0026.01,C0026,Yorvridge Fire Safety Services,name,Yorvridge Fire Safety Services,operating name chosen by trust-weighted vote over 2 record(s); spelled 'Yorvridge Fire Safety Services Inc' in LIC-0011,"business_registry, state_license",confirmed,observed,source_field,LIC-0011 REG-0054,,
C0026.02,C0026,Yorvridge Fire Safety Services,location,"Bramton, TN",2 of 2 record(s) place the company in TN,"business_registry, state_license",confirmed,observed,source_field,LIC-0011 REG-0054,,
C0026.03,C0026,Yorvridge Fire Safety Services,entity_resolution,2 record(s) from 2 source(s),"merged pairs: LIC-0011~REG-0054 (name 100, same ZIP)","business_registry, state_license",strong,observed,entity_resolution,LIC-0011 REG-0054,,
C0026.04,C0026,Yorvridge Fire Safety Services,legal_name,Yorvridge Fire Safety Services Inc,name with legal suffix as printed in LIC-0011,"business_registry, state_license",confirmed,observed,source_field,LIC-0011 REG-0054,,
C0026.05,C0026,Yorvridge Fire Safety Services,naics_code,541350,NAICS 541350 (in thesis list),business_registry,confirmed,observed,source_field,REG-0054,,
C0026.06,C0026,Yorvridge Fire Safety Services,license,Fire Protection Inspector (Active),"LIC-0011: 'Fire Protection Inspector', status Active",state_license,confirmed,observed,source_field,LIC-0011,,
C0026.07,C0026,Yorvridge Fire Safety Services,fit_tier,A,A (verified): sector license 'Fire Protection Inspector',derived,strong,derived,keyword_rule,,C0026.06,
C0026.08,C0026,Yorvridge Fire Safety Services,segment,unknown,segment keyword hits: none,derived,weak,derived,keyword_count,,C0026.06 C0026.01,
C0026.09,C0026,Yorvridge Fire Safety Services,service_mix,unknown,recurring terms none vs install terms none,derived,weak,derived,keyword_count,,C0026.07,
C0026.10,C0026,Yorvridge Fire Safety Services,size_signal:employee_band,1-4,REG-0054 reports employee band 1-4 -> 1-4 employees (weight 1),business_registry,strong,observed,size_signal,REG-0054,,
C0026.11,C0026,Yorvridge Fire Safety Services,size_signal:licensed_technicians,2,LIC-0011 reports licensed technicians 2 -> at least 2-8 employees (weight 0.6),state_license,strong,observed,size_signal,LIC-0011,,
C0026.12,C0026,Yorvridge Fire Safety Services,employees_range,2-4,2 signal(s); midpoint 3; size confidence medium,derived,inferred,derived,weighted_geometric_mean,,C0026.10 C0026.11,
C0026.13,C0026,Yorvridge Fire Safety Services,ebitda_estimate,58146,"3 employees x $155k revenue/employee (unknown) x 11.8% margin (unknown) = $0.06M median; 95% range $0.02M-$0.17M (sigma 0.54, endpoints)",derived,inferred,derived,lognormal_model,,C0026.12 C0026.08 C0026.09,
C0026.14,C0026,Yorvridge Fire Safety Services,p_ebitda_ge_min,0,"log-normal(mu=10.97, sigma=0.54): P(EBITDA >= $1.00M)",derived,inferred,derived,lognormal_model,,C0026.13,
C0026.15,C0026,Yorvridge Fire Safety Services,p_ebitda_in_band,0,"log-normal(mu=10.97, sigma=0.54): P($1.00M <= EBITDA <= $5.00M)",derived,inferred,derived,lognormal_model,,C0026.13,
C0026.16,C0026,Yorvridge Fire Safety Services,presence:commercial_db_a,not found,no same-state listing reached 90; best score 0,commercial_db_a,inferred,external,fuzzy_name_match,,,query: Yorvridge Fire Safety Services (TN)
C0026.17,C0026,Yorvridge Fire Safety Services,presence:commercial_db_b,not found,no same-state listing reached 90; best score 50,commercial_db_b,inferred,external,fuzzy_name_match,,,query: Yorvridge Fire Safety Services (TN)
C0026.18,C0026,Yorvridge Fire Safety Services,presence:investor_db,not found,no same-state listing reached 90; best score 0,investor_db,inferred,external,fuzzy_name_match,,,query: Yorvridge Fire Safety Services (TN)
C0026.19,C0026,Yorvridge Fire Safety Services,obviousness,0,(0.35xcommercial_db_a(0) + 0.30xcommercial_db_b(0) + 0.25xinvestor_db(0) + 0.10x website(0)) / total weight = 0.00; non-obvious (cut-off 0.30),derived,inferred,derived,weighted_presence,,C0026.16 C0026.17 C0026.18,
C0026.20,C0026,Yorvridge Fire Safety Services,screen,excluded: out_of_geography,state TN vs thesis states; fit tier A; exclusions: out_of_geography,derived,inferred,derived,scope_rules,,C0026.02 C0026.07,
C0027.01,C0027,Kivelhurst Fire Extinguisher,name,Kivelhurst Fire Extinguisher,operating name chosen by trust-weighted vote over 3 record(s); spelled 'Kivelhurst Fire Extinguisher' in WEB-0013,"business_registry, state_license, web_listing",confirmed,observed,source_field,LIC-0013 REG-0026 WEB-0013,,
C0027.02,C0027,Kivelhurst Fire Extinguisher,location,"Ashville, AZ",3 of 3 record(s) place the company in AZ,"business_registry, state_license, web_listing",confirmed,observed,source_field,LIC-0013 REG-0026 WEB-0013,,
C0027.03,C0027,Kivelhurst Fire Extinguisher,entity_resolution,3 record(s) from 3 source(s),"merged pairs: LIC-0013~REG-0026 (name 100, same ZIP); REG-0026~WEB-0013 (name 100, same ZIP); LIC-0013~WEB-0013 (name 100, same ZIP)","business_registry, state_license, web_listing",strong,observed,entity_resolution,LIC-0013 REG-0026 WEB-0013,,
C0027.04,C0027,Kivelhurst Fire Extinguisher,legal_name,"Kivelhurst Fire Extinguisher Co, L.L.C.",name with legal suffix as printed in LIC-0013,"business_registry, state_license",confirmed,observed,source_field,LIC-0013 REG-0026,,
C0027.05,C0027,Kivelhurst Fire Extinguisher,website,kivelhurstfireequip.example,website listed in 1 record(s),web_listing,strong,observed,source_field,WEB-0013,,
C0027.06,C0027,Kivelhurst Fire Extinguisher,naics_code,811310,NAICS 811310 (in thesis list),business_registry,confirmed,observed,source_field,REG-0026,,
C0027.07,C0027,Kivelhurst Fire Extinguisher,license,Portable Extinguisher Service (Active),"LIC-0013: 'Portable Extinguisher Service', status Active",state_license,confirmed,observed,source_field,LIC-0013,,
C0027.08,C0027,Kivelhurst Fire Extinguisher,services_listed,Fire extinguisher service; hydrostatic testing; fire extinguisher service; kitchen hood suppression; inspection agreements,service and category text from 1 record(s),web_listing,strong,observed,source_field,WEB-0013,,
C0027.09,C0027,Kivelhurst Fire Extinguisher,fit_tier,A,A (verified): sector license 'Portable Extinguisher Service',derived,strong,derived,keyword_rule,,C0027.07,
C0027.10,C0027,Kivelhurst Fire Extinguisher,segment,suppression,"segment keyword hits: inspection 2, suppression 4.5",derived,inferred,derived,keyword_count,,C0027.08 C0027.07 C0027.01,
C0027.11,C0027,Kivelhurst Fire Extinguisher,service_mix,recurring_heavy,"recurring terms ['inspection', 'testing'] vs install terms none",derived,inferred,derived,keyword_count,,C0027.08,
C0027.12,C0027,Kivelhurst Fire Extinguisher,size_signal:licensed_technicians,5,LIC-0013 reports licensed technicians 5 -> at least 6-20 employees (weight 0.6),state_license,strong,observed,size_signal,LIC-0013,,
C0027.13,C0027,Kivelhurst Fire Extinguisher,size_signal:stated_headcount,13,WEB-0013 reports stated headcount 13 -> 11-16 employees (weight 0.9),web_listing,strong,observed,size_signal,WEB-0013,,
C0027.14,C0027,Kivelhurst Fire Extinguisher,employees_range,11-16,2 signal(s); midpoint 13; size confidence medium,derived,inferred,derived,weighted_geometric_mean,,C0027.12 C0027.13,
C0027.15,C0027,Kivelhurst Fire Extinguisher,ebitda_estimate,308610,"13 employees x $143k revenue/employee (suppression) x 16.1% margin (recurring_heavy) = $0.31M median; 95% range $0.17M-$0.55M (sigma 0.30, endpoints)",derived,inferred,derived,lognormal_model,,C0027.14 C0027.10 C0027.11,
C0027.16,C0027,Kivelhurst Fire Extinguisher,p_ebitda_ge_min,0,"log-normal(mu=12.64, sigma=0.30): P(EBITDA >= $1.00M)",derived,inferred,derived,lognormal_model,,C0027.15,
C0027.17,C0027,Kivelhurst Fire Extinguisher,p_ebitda_in_band,0,"log-normal(mu=12.64, sigma=0.30): P($1.00M <= EBITDA <= $5.00M)",derived,inferred,derived,lognormal_model,,C0027.15,
C0027.18,C0027,Kivelhurst Fire Extinguisher,presence:commercial_db_a,not found,no same-state listing reached 90; best score 36,commercial_db_a,inferred,external,fuzzy_name_match,,,query: Kivelhurst Fire Extinguisher (AZ)
C0027.19,C0027,Kivelhurst Fire Extinguisher,presence:commercial_db_b,not found,no same-state listing reached 90; best score 36,commercial_db_b,inferred,external,fuzzy_name_match,,,query: Kivelhurst Fire Extinguisher (AZ)
C0027.20,C0027,Kivelhurst Fire Extinguisher,presence:investor_db,not found,no same-state listing reached 90; best score 37,investor_db,inferred,external,fuzzy_name_match,,,query: Kivelhurst Fire Extinguisher (AZ)
C0027.21,C0027,Kivelhurst Fire Extinguisher,obviousness,0.1,(0.35xcommercial_db_a(0) + 0.30xcommercial_db_b(0) + 0.25xinvestor_db(0) + 0.10x website(1)) / total weight = 0.10; non-obvious (cut-off 0.30),derived,inferred,derived,weighted_presence,,C0027.18 C0027.19 C0027.20 C0027.05,
C0027.22,C0027,Kivelhurst Fire Extinguisher,screen,excluded: out_of_geography,state AZ vs thesis states; fit tier A; exclusions: out_of_geography,derived,inferred,derived,scope_rules,,C0027.02 C0027.09,
C0028.01,C0028,Haldwick Life Safety Inspections,name,Haldwick Life Safety Inspections,operating name chosen by trust-weighted vote over 2 record(s); spelled 'HALDWICK LIFE SAFETY INSPECTIONS' in LIC-0015,"business_registry, state_license",confirmed,observed,source_field,LIC-0015 REG-0017,,
C0028.02,C0028,Haldwick Life Safety Inspections,location,"Cedarwood, IN",2 of 2 record(s) place the company in IN,"business_registry, state_license",confirmed,observed,source_field,LIC-0015 REG-0017,,
C0028.03,C0028,Haldwick Life Safety Inspections,entity_resolution,2 record(s) from 2 source(s),"merged pairs: LIC-0015~REG-0017 (name 100, same ZIP)","business_registry, state_license",strong,observed,entity_resolution,LIC-0015 REG-0017,,
C0028.04,C0028,Haldwick Life Safety Inspections,legal_name,"Prynvane Holdings, LLC",name with legal suffix as printed in REG-0017,business_registry,strong,observed,source_field,REG-0017,,
C0028.05,C0028,Haldwick Life Safety Inspections,naics_code,541350,NAICS 541350 (in thesis list),business_registry,confirmed,observed,source_field,REG-0017,,
C0028.06,C0028,Haldwick Life Safety Inspections,license,Fire Protection Inspector (Active),"LIC-0015: 'Fire Protection Inspector', status Active",state_license,confirmed,observed,source_field,LIC-0015,,
C0028.07,C0028,Haldwick Life Safety Inspections,fit_tier,A,A (verified): sector license 'Fire Protection Inspector',derived,strong,derived,keyword_rule,,C0028.06,
C0028.08,C0028,Haldwick Life Safety Inspections,segment,inspection,segment keyword hits: inspection 0.5,derived,weak,derived,keyword_count,,C0028.06 C0028.01,
C0028.09,C0028,Haldwick Life Safety Inspections,service_mix,unknown,recurring terms none vs install terms none,derived,weak,derived,keyword_count,,C0028.07,
C0028.10,C0028,Haldwick Life Safety Inspections,size_signal:licensed_technicians,34,LIC-0015 reports licensed technicians 34 -> at least 42-136 employees (weight 0.6),state_license,strong,observed,size_signal,LIC-0015,,
C0028.11,C0028,Haldwick Life Safety Inspections,employees_range,42-136,1 signal(s); midpoint 76; size confidence low,derived,weak,derived,weighted_geometric_mean,,C0028.10,
C0028.12,C0028,Haldwick Life Safety Inspections,ebitda_estimate,1220216,"76 employees x $136k revenue/employee (inspection) x 11.8% margin (unknown) = $1.22M median; 95% range $0.34M-$4.35M (sigma 0.65, endpoints)",derived,weak,derived,lognormal_model,,C0028.11 C0028.08 C0028.09,
C0028.13,C0028,Haldwick Life Safety Inspections,p_ebitda_ge_min,0.62,"log-normal(mu=14.01, sigma=0.65): P(EBITDA >= $1.00M)",derived,weak,derived,lognormal_model,,C0028.12,
C0028.14,C0028,Haldwick Life Safety Inspections,p_ebitda_in_band,0.606,"log-normal(mu=14.01, sigma=0.65): P($1.00M <= EBITDA <= $5.00M)",derived,weak,derived,lognormal_model,,C0028.12,
C0028.15,C0028,Haldwick Life Safety Inspections,presence:commercial_db_a,found,listing DBA-0025 'Haldwick Life Safety Inspections' matched at 100,commercial_db_a,confirmed,external,fuzzy_name_match,,,DBA-0025
C0028.16,C0028,Haldwick Life Safety Inspections,presence:commercial_db_b,found,listing DBB-0019 'Haldwick Life Safety Inspections' matched at 100,commercial_db_b,confirmed,external,fuzzy_name_match,,,DBB-0019
C0028.17,C0028,Haldwick Life Safety Inspections,presence:investor_db,not found,no same-state listing reached 90; best score 43,investor_db,inferred,external,fuzzy_name_match,,,query: Haldwick Life Safety Inspections (IN)
C0028.18,C0028,Haldwick Life Safety Inspections,obviousness,0.65,(0.35xcommercial_db_a(1) + 0.30xcommercial_db_b(1) + 0.25xinvestor_db(0) + 0.10x website(0)) / total weight = 0.65; obvious (cut-off 0.30),derived,inferred,derived,weighted_presence,,C0028.15 C0028.16 C0028.17,
C0028.19,C0028,Haldwick Life Safety Inspections,screen,in scope,state IN vs thesis states; fit tier A; passes every screen,derived,inferred,derived,scope_rules,,C0028.02 C0028.07,
C0029.01,C0029,Haldfield Fire Safety Services,name,Haldfield Fire Safety Services,operating name chosen by trust-weighted vote over 2 record(s); spelled 'HALDFIELD FIRE SAFETY SERVICES CORPORATION' in LIC-0016,"business_registry, state_license",confirmed,observed,source_field,LIC-0016 REG-0022,,
C0029.02,C0029,Haldfield Fire Safety Services,location,"Ironport, GA",2 of 2 record(s) place the company in GA,"business_registry, state_license",confirmed,observed,source_field,LIC-0016 REG-0022,,
C0029.03,C0029,Haldfield Fire Safety Services,entity_resolution,2 record(s) from 2 source(s),"merged pairs: LIC-0016~REG-0022 (name 100, same ZIP)","business_registry, state_license",strong,observed,entity_resolution,LIC-0016 REG-0022,,
C0029.04,C0029,Haldfield Fire Safety Services,legal_name,Haldfield Fire Safety Services Corporation,name with legal suffix as printed in LIC-0016,"business_registry, state_license",confirmed,observed,source_field,LIC-0016 REG-0022,,
C0029.05,C0029,Haldfield Fire Safety Services,naics_code,541350,NAICS 541350 (in thesis list),business_registry,confirmed,observed,source_field,REG-0022,,
C0029.06,C0029,Haldfield Fire Safety Services,license,Fire Protection Inspector (Active),"LIC-0016: 'Fire Protection Inspector', status Active",state_license,confirmed,observed,source_field,LIC-0016,,
C0029.07,C0029,Haldfield Fire Safety Services,fit_tier,A,A (verified): sector license 'Fire Protection Inspector',derived,strong,derived,keyword_rule,,C0029.06,
C0029.08,C0029,Haldfield Fire Safety Services,segment,unknown,segment keyword hits: none,derived,weak,derived,keyword_count,,C0029.06 C0029.01,
C0029.09,C0029,Haldfield Fire Safety Services,service_mix,unknown,recurring terms none vs install terms none,derived,weak,derived,keyword_count,,C0029.07,
C0029.10,C0029,Haldfield Fire Safety Services,size_signal:licensed_technicians,11,LIC-0016 reports licensed technicians 11 -> at least 14-44 employees (weight 0.6),state_license,strong,observed,size_signal,LIC-0016,,
C0029.11,C0029,Haldfield Fire Safety Services,employees_range,14-44,1 signal(s); midpoint 25; size confidence low,derived,weak,derived,weighted_geometric_mean,,C0029.10,
C0029.12,C0029,Haldfield Fire Safety Services,ebitda_estimate,452273,"25 employees x $155k revenue/employee (unknown) x 11.8% margin (unknown) = $0.45M median; 95% range $0.11M-$1.85M (sigma 0.72, endpoints)",derived,weak,derived,lognormal_model,,C0029.11 C0029.08 C0029.09,
C0029.13,C0029,Haldfield Fire Safety Services,p_ebitda_ge_min,0.135,"log-normal(mu=13.02, sigma=0.72): P(EBITDA >= $1.00M)",derived,weak,derived,lognormal_model,,C0029.12,
C0029.14,C0029,Haldfield Fire Safety Services,p_ebitda_in_band,0.134,"log-normal(mu=13.02, sigma=0.72): P($1.00M <= EBITDA <= $5.00M)",derived,weak,derived,lognormal_model,,C0029.12,
C0029.15,C0029,Haldfield Fire Safety Services,presence:commercial_db_a,not found,no same-state listing reached 90; best score 37,commercial_db_a,inferred,external,fuzzy_name_match,,,query: Haldfield Fire Safety Services (GA)
C0029.16,C0029,Haldfield Fire Safety Services,presence:commercial_db_b,not found,no same-state listing reached 90; best score 0,commercial_db_b,inferred,external,fuzzy_name_match,,,query: Haldfield Fire Safety Services (GA)
C0029.17,C0029,Haldfield Fire Safety Services,presence:investor_db,not found,no same-state listing reached 90; best score 43,investor_db,inferred,external,fuzzy_name_match,,,query: Haldfield Fire Safety Services (GA)
C0029.18,C0029,Haldfield Fire Safety Services,obviousness,0,(0.35xcommercial_db_a(0) + 0.30xcommercial_db_b(0) + 0.25xinvestor_db(0) + 0.10x website(0)) / total weight = 0.00; non-obvious (cut-off 0.30),derived,inferred,derived,weighted_presence,,C0029.15 C0029.16 C0029.17,
C0029.19,C0029,Haldfield Fire Safety Services,screen,excluded: out_of_geography,state GA vs thesis states; fit tier A; exclusions: out_of_geography,derived,inferred,derived,scope_rules,,C0029.02 C0029.07,
C0030.01,C0030,Greldell Fire Sprinkler Systems,name,Greldell Fire Sprinkler Systems,"operating name chosen by trust-weighted vote over 2 record(s); spelled 'GRELDELL FIRE SPRINKLER SYSTEMS, LLC' in LIC-0017","business_registry, state_license",confirmed,observed,source_field,LIC-0017 REG-0013,,
C0030.02,C0030,Greldell Fire Sprinkler Systems,location,"Elmfield, MO",2 of 2 record(s) place the company in MO,"business_registry, state_license",confirmed,observed,source_field,LIC-0017 REG-0013,,
C0030.03,C0030,Greldell Fire Sprinkler Systems,entity_resolution,2 record(s) from 2 source(s),"merged pairs: LIC-0017~REG-0013 (name 100, same ZIP)","business_registry, state_license",strong,observed,entity_resolution,LIC-0017 REG-0013,,
C0030.04,C0030,Greldell Fire Sprinkler Systems,legal_name,"Greldell Fire Sprinkler Systems, LLC",name with legal suffix as printed in LIC-0017,"business_registry, state_license",confirmed,observed,source_field,LIC-0017 REG-0013,,
C0030.05,C0030,Greldell Fire Sprinkler Systems,naics_code,238220,NAICS 238220 (in thesis list),business_registry,confirmed,observed,source_field,REG-0013,,
C0030.06,C0030,Greldell Fire Sprinkler Systems,license,Fire Sprinkler Contractor (Active),"LIC-0017: 'Fire Sprinkler Contractor', status Active",state_license,confirmed,observed,source_field,LIC-0017,,
C0030.07,C0030,Greldell Fire Sprinkler Systems,fit_tier,A,A (verified): sector license 'Fire Sprinkler Contractor',derived,strong,derived,keyword_rule,,C0030.06,
C0030.08,C0030,Greldell Fire Sprinkler Systems,segment,sprinkler,segment keyword hits: sprinkler 1.5,derived,inferred,derived,keyword_count,,C0030.06 C0030.01,
C0030.09,C0030,Greldell Fire Sprinkler Systems,service_mix,unknown,recurring terms none vs install terms none,derived,weak,derived,keyword_count,,C0030.07,
C0030.10,C0030,Greldell Fire Sprinkler Systems,size_signal:employee_band,20-49,REG-0013 reports employee band 20-49 -> 20-49 employees (weight 1),business_registry,strong,observed,size_signal,REG-0013,,
C0030.11,C0030,Greldell Fire Sprinkler Systems,size_signal:licensed_technicians,8,LIC-0017 reports licensed technicians 8 -> at least 10-32 employees (weight 0.6),state_license,strong,observed,size_signal,LIC-0017,,
C0030.12,C0030,Greldell Fire Sprinkler Systems,employees_range,20-49,2 signal(s); midpoint 31; size confidence medium,derived,inferred,derived,weighted_geometric_mean,,C0030.10 C0030.11,
C0030.13,C0030,Greldell Fire Sprinkler Systems,ebitda_estimate,657404,"31 employees x $177k revenue/employee (sprinkler) x 11.8% margin (unknown) = $0.66M median; 95% range $0.21M-$2.06M (sigma 0.58, endpoints)",derived,inferred,derived,lognormal_model,,C0030.12 C0030.08 C0030.09,
C0030.14,C0030,Greldell Fire Sprinkler Systems,p_ebitda_ge_min,0.236,"log-normal(mu=13.40, sigma=0.58): P(EBITDA >= $1.00M)",derived,inferred,derived,lognormal_model,,C0030.13,
C0030.15,C0030,Greldell Fire Sprinkler Systems,p_ebitda_in_band,0.235,"log-normal(mu=13.40, sigma=0.58): P($1.00M <= EBITDA <= $5.00M)",derived,inferred,derived,lognormal_model,,C0030.13,
C0030.16,C0030,Greldell Fire Sprinkler Systems,presence:commercial_db_a,not found,no same-state listing reached 90; best score 36,commercial_db_a,inferred,external,fuzzy_name_match,,,query: Greldell Fire Sprinkler Systems (MO)
C0030.17,C0030,Greldell Fire Sprinkler Systems,presence:commercial_db_b,not found,no same-state listing reached 90; best score 36,commercial_db_b,inferred,external,fuzzy_name_match,,,query: Greldell Fire Sprinkler Systems (MO)
C0030.18,C0030,Greldell Fire Sprinkler Systems,presence:investor_db,not found,no same-state listing reached 90; best score 42,investor_db,inferred,external,fuzzy_name_match,,,query: Greldell Fire Sprinkler Systems (MO)
C0030.19,C0030,Greldell Fire Sprinkler Systems,obviousness,0,(0.35xcommercial_db_a(0) + 0.30xcommercial_db_b(0) + 0.25xinvestor_db(0) + 0.10x website(0)) / total weight = 0.00; non-obvious (cut-off 0.30),derived,inferred,derived,weighted_presence,,C0030.16 C0030.17 C0030.18,
C0030.20,C0030,Greldell Fire Sprinkler Systems,screen,in scope,state MO vs thesis states; fit tier A; passes every screen,derived,inferred,derived,scope_rules,,C0030.02 C0030.07,
C0031.01,C0031,Ruskmere Sprinkler,name,Ruskmere Sprinkler,"operating name chosen by trust-weighted vote over 3 record(s); spelled 'RUSKMERE SPRINKLER CO, INC' in LIC-0019","business_registry, state_license, web_listing",confirmed,observed,source_field,LIC-0019 REG-0012 WEB-0043,,
C0031.02,C0031,Ruskmere Sprinkler,location,"Oakport, AZ",3 of 3 record(s) place the company in AZ,"business_registry, state_license, web_listing",confirmed,observed,source_field,LIC-0019 REG-0012 WEB-0043,,
C0031.03,C0031,Ruskmere Sprinkler,entity_resolution,3 record(s) from 3 source(s),"merged pairs: LIC-0019~REG-0012 (name 100, same ZIP); REG-0012~WEB-0043 (name 100); LIC-0019~WEB-0043 (name 100)","business_registry, state_license, web_listing",strong,observed,entity_resolution,LIC-0019 REG-0012 WEB-0043,,
C0031.04,C0031,Ruskmere Sprinkler,legal_name,"Ruskmere Sprinkler Co, Inc",name with legal suffix as printed in LIC-0019,"business_registry, state_license",confirmed,observed,source_field,LIC-0019 REG-0012,,
C0031.05,C0031,Ruskmere Sprinkler,website,ruskmerefire.example,website listed in 1 record(s),web_listing,strong,observed,source_field,WEB-0043,,
C0031.06,C0031,Ruskmere Sprinkler,naics_code,238220,NAICS 238220 (in thesis list),business_registry,confirmed,observed,source_field,REG-0012,,
C0031.07,C0031,Ruskmere Sprinkler,license,Fire Sprinkler Contractor (Active),"LIC-0019: 'Fire Sprinkler Contractor', status Active",state_license,confirmed,observed,source_field,LIC-0019,,
C0031.08,C0031,Ruskmere Sprinkler,services_listed,Fire sprinkler contractor; sprinkler inspection; fire sprinkler installation; fire pump testing; installation and service; maintenance agreements,service and category text from 1 record(s),web_listing,strong,observed,source_field,WEB-0043,,
C0031.09,C0031,Ruskmere Sprinkler,fit_tier,A,A (verified): sector license 'Fire Sprinkler Contractor',derived,strong,derived,keyword_rule,,C0031.07,
C0031.10,C0031,Ruskmere Sprinkler,segment,sprinkler,"segment keyword hits: sprinkler 2.5, inspection 2",derived,inferred,derived,keyword_count,,C0031.08 C0031.07 C0031.01,
C0031.11,C0031,Ruskmere Sprinkler,service_mix,recurring_heavy,"recurring terms ['inspection', 'testing', 'maintenance'] vs install terms ['installation']",derived,inferred,derived,keyword_count,,C0031.08,
C0031.12,C0031,Ruskmere Sprinkler,size_signal:employee_band,20-49,REG-0012 reports employee band 20-49 -> 20-49 employees (weight 1),business_registry,strong,observed,size_signal,REG-0012,,
C0031.13,C0031,Ruskmere Sprinkler,size_signal:licensed_technicians,14,LIC-0019 reports licensed technicians 14 -> at least 18-56 employees (weight 0.6),state_license,strong,observed,size_signal,LIC-0019,,
C0031.14,C0031,Ruskmere Sprinkler,size_signal:stated_headcount,29,WEB-0043 reports stated headcount 29 -> 25-36 employees (weight 0.9),web_listing,strong,observed,size_signal,WEB-0043,,
C0031.15,C0031,Ruskmere Sprinkler,employees_range,22-42,3 signal(s); midpoint 31; size confidence high,derived,strong,derived,weighted_geometric_mean,,C0031.12 C0031.13 C0031.14,
C0031.16,C0031,Ruskmere Sprinkler,ebitda_estimate,876511,"31 employees x $177k revenue/employee (sprinkler) x 16.1% margin (recurring_heavy) = $0.88M median; 95% range $0.43M-$1.78M (sigma 0.36, endpoints)",derived,inferred,derived,lognormal_model,,C0031.15 C0031.10 C0031.11,
C0031.17,C0031,Ruskmere Sprinkler,p_ebitda_ge_min,0.358,"log-normal(mu=13.68, sigma=0.36): P(EBITDA >= $1.00M)",derived,inferred,derived,lognormal_model,,C0031.16,
C0031.18,C0031,Ruskmere Sprinkler,p_ebitda_in_band,0.358,"log-normal(mu=13.68, sigma=0.36): P($1.00M <= EBITDA <= $5.00M)",derived,inferred,derived,lognormal_model,,C0031.16,
C0031.19,C0031,Ruskmere Sprinkler,presence:commercial_db_a,not found,no same-state listing reached 90; best score 50,commercial_db_a,inferred,external,fuzzy_name_match,,,query: Ruskmere Sprinkler (AZ)
C0031.20,C0031,Ruskmere Sprinkler,presence:commercial_db_b,not found,no same-state listing reached 90; best score 28,commercial_db_b,inferred,external,fuzzy_name_match,,,query: Ruskmere Sprinkler (AZ)
C0031.21,C0031,Ruskmere Sprinkler,presence:investor_db,not found,no same-state listing reached 90; best score 44,investor_db,inferred,external,fuzzy_name_match,,,query: Ruskmere Sprinkler (AZ)
C0031.22,C0031,Ruskmere Sprinkler,obviousness,0.1,(0.35xcommercial_db_a(0) + 0.30xcommercial_db_b(0) + 0.25xinvestor_db(0) + 0.10x website(1)) / total weight = 0.10; non-obvious (cut-off 0.30),derived,inferred,derived,weighted_presence,,C0031.19 C0031.20 C0031.21 C0031.05,
C0031.23,C0031,Ruskmere Sprinkler,screen,excluded: out_of_geography,state AZ vs thesis states; fit tier A; exclusions: out_of_geography,derived,inferred,derived,scope_rules,,C0031.02 C0031.09,
C0032.01,C0032,Braxhurst Extinguisher Service,name,Braxhurst Extinguisher Service,operating name chosen by trust-weighted vote over 3 record(s); spelled 'BRAXHURST EXTINGUISHER SERVICE' in LIC-0020,"business_registry, state_license, web_listing",confirmed,observed,source_field,LIC-0020 REG-0024 WEB-0020,,
C0032.02,C0032,Braxhurst Extinguisher Service,location,"Coldford, MN",3 of 3 record(s) place the company in MN,"business_registry, state_license, web_listing",confirmed,observed,source_field,LIC-0020 REG-0024 WEB-0020,,
C0032.03,C0032,Braxhurst Extinguisher Service,entity_resolution,3 record(s) from 3 source(s),"merged pairs: LIC-0020~REG-0024 (name 100, same ZIP); REG-0024~WEB-0020 (name 100, same ZIP); LIC-0020~WEB-0020 (name 100, same phone, same ZIP)","business_registry, state_license, web_listing",strong,observed,entity_resolution,LIC-0020 REG-0024 WEB-0020,,
C0032.04,C0032,Braxhurst Extinguisher Service,legal_name,"Braxhurst Extinguisher Service, Company",name with legal suffix as printed in REG-0024,business_registry,strong,observed,source_field,REG-0024,,
C0032.05,C0032,Braxhurst Extinguisher Service,naics_code,811310,NAICS 811310 (in thesis list),business_registry,confirmed,observed,source_field,REG-0024,,
C0032.06,C0032,Braxhurst Extinguisher Service,license,Portable Extinguisher Service (Active),"LIC-0020: 'Portable Extinguisher Service', status Active",state_license,confirmed,observed,source_field,LIC-0020,,
C0032.07,C0032,Braxhurst Extinguisher Service,services_listed,Fire extinguisher service; clean agent systems; kitchen hood suppression; fire extinguisher service; installation and service; maintenance agreements,service and category text from 1 record(s),web_listing,strong,observed,source_field,WEB-0020,,
C0032.08,C0032,Braxhurst Extinguisher Service,fit_tier,A,A (verified): sector license 'Portable Extinguisher Service',derived,strong,derived,keyword_rule,,C0032.06,
C0032.09,C0032,Braxhurst Extinguisher Service,segment,suppression,segment keyword hits: suppression 4.5,derived,inferred,derived,keyword_count,,C0032.07 C0032.06 C0032.01,
C0032.10,C0032,Braxhurst Extinguisher Service,service_mix,mixed,recurring terms ['maintenance'] vs install terms ['installation'],derived,inferred,derived,keyword_count,,C0032.07,
C0032.11,C0032,Braxhurst Extinguisher Service,size_signal:employee_band,50-99,REG-0024 reports employee band 50-99 -> 50-99 employees (weight 1),business_registry,strong,observed,size_signal,REG-0024,,
C0032.12,C0032,Braxhurst Extinguisher Service,size_signal:licensed_technicians,18,LIC-0020 reports licensed technicians 18 -> at least 22-72 employees (weight 0.6),state_license,strong,observed,size_signal,LIC-0020,,
C0032.13,C0032,Braxhurst Extinguisher Service,employees_range,50-99,2 signal(s); midpoint 70; size confidence medium,derived,inferred,derived,weighted_geometric_mean,,C0032.11 C0032.12,
C0032.14,C0032,Braxhurst Extinguisher Service,ebitda_estimate,1271094,"70 employees x $143k revenue/employee (suppression) x 12.6% margin (mixed) = $1.27M median; 95% range $0.60M-$2.69M (sigma 0.38, endpoints)",derived,inferred,derived,lognormal_model,,C0032.13 C0032.09 C0032.10,
C0032.15,C0032,Braxhurst Extinguisher Service,p_ebitda_ge_min,0.734,"log-normal(mu=14.06, sigma=0.38): P(EBITDA >= $1.00M)",derived,inferred,derived,lognormal_model,,C0032.14,
C0032.16,C0032,Braxhurst Extinguisher Service,p_ebitda_in_band,0.734,"log-normal(mu=14.06, sigma=0.38): P($1.00M <= EBITDA <= $5.00M)",derived,inferred,derived,lognormal_model,,C0032.14,
C0032.17,C0032,Braxhurst Extinguisher Service,presence:commercial_db_a,found,listing DBA-0032 'Braxhurst Extinguisher Service' matched at 100,commercial_db_a,confirmed,external,fuzzy_name_match,,,DBA-0032
C0032.18,C0032,Braxhurst Extinguisher Service,presence:commercial_db_b,found,listing DBB-0003 'Braxhurst Extinguisher Service' matched at 100,commercial_db_b,confirmed,external,fuzzy_name_match,,,DBB-0003
C0032.19,C0032,Braxhurst Extinguisher Service,presence:investor_db,not found,no same-state listing reached 90; best score 50,investor_db,inferred,external,fuzzy_name_match,,,query: Braxhurst Extinguisher Service (MN)
C0032.20,C0032,Braxhurst Extinguisher Service,obviousness,0.65,(0.35xcommercial_db_a(1) + 0.30xcommercial_db_b(1) + 0.25xinvestor_db(0) + 0.10x website(0)) / total weight = 0.65; obvious (cut-off 0.30),derived,inferred,derived,weighted_presence,,C0032.17 C0032.18 C0032.19,
C0032.21,C0032,Braxhurst Extinguisher Service,screen,in scope,state MN vs thesis states; fit tier A; passes every screen,derived,inferred,derived,scope_rules,,C0032.02 C0032.08,
C0033.01,C0033,Ulvcombe Life Safety Inspections,name,Ulvcombe Life Safety Inspections,operating name chosen by trust-weighted vote over 2 record(s); spelled 'Ulvcombe Life Safety Inspections' in LIC-0021,"business_registry, state_license",confirmed,observed,source_field,LIC-0021 REG-0030,,
C0033.02,C0033,Ulvcombe Life Safety Inspections,location,"Oakbrook, MO",2 of 2 record(s) place the company in MO,"business_registry, state_license",confirmed,observed,source_field,LIC-0021 REG-0030,,
C0033.03,C0033,Ulvcombe Life Safety Inspections,entity_resolution,2 record(s) from 2 source(s),"merged pairs: LIC-0021~REG-0030 (name 100, same ZIP)","business_registry, state_license",strong,observed,entity_resolution,LIC-0021 REG-0030,,
C0033.04,C0033,Ulvcombe Life Safety Inspections,legal_name,Ulvcombe Life Safety Inspections Inc.,name with legal suffix as printed in REG-0030,business_registry,strong,observed,source_field,REG-0030,,
C0033.05,C0033,Ulvcombe Life Safety Inspections,naics_code,541350,NAICS 541350 (in thesis list),business_registry,confirmed,observed,source_field,REG-0030,,
C0033.06,C0033,Ulvcombe Life Safety Inspections,license,Fire Protection Inspector (Active),"LIC-0021: 'Fire Protection Inspector', status Active",state_license,confirmed,observed,source_field,LIC-0021,,
C0033.07,C0033,Ulvcombe Life Safety Inspections,ownership,parent-owned,REG-0030 lists parent entity 'Parent Entity 03 (synthetic)',business_registry,confirmed,observed,source_field,REG-0030,,
C0033.08,C0033,Ulvcombe Life Safety Inspections,fit_tier,A,A (verified): sector license 'Fire Protection Inspector',derived,strong,derived,keyword_rule,,C0033.06,
C0033.09,C0033,Ulvcombe Life Safety Inspections,segment,inspection,segment keyword hits: inspection 0.5,derived,weak,derived,keyword_count,,C0033.06 C0033.01,
C0033.10,C0033,Ulvcombe Life Safety Inspections,service_mix,unknown,recurring terms none vs install terms none,derived,weak,derived,keyword_count,,C0033.08,
C0033.11,C0033,Ulvcombe Life Safety Inspections,size_signal:employee_band,50-99,REG-0030 reports employee band 50-99 -> 50-99 employees (weight 1),business_registry,strong,observed,size_signal,REG-0030,,
C0033.12,C0033,Ulvcombe Life Safety Inspections,size_signal:licensed_technicians,9,LIC-0021 reports licensed technicians 9 -> at least 11-36 employees (weight 0.6),state_license,strong,observed,size_signal,LIC-0021,,
C0033.13,C0033,Ulvcombe Life Safety Inspections,employees_range,50-99,2 signal(s); midpoint 70; size confidence medium,derived,inferred,derived,weighted_geometric_mean,,C0033.11 C0033.12,
C0033.14,C0033,Ulvcombe Life Safety Inspections,ebitda_estimate,1129212,"70 employees x $136k revenue/employee (inspection) x 11.8% margin (unknown) = $1.13M median; 95% range $0.40M-$3.17M (sigma 0.53, endpoints)",derived,inferred,derived,lognormal_model,,C0033.13 C0033.09 C0033.10,
C0033.15,C0033,Ulvcombe Life Safety Inspections,p_ebitda_ge_min,0.591,"log-normal(mu=13.94, sigma=0.53): P(EBITDA >= $1.00M)",derived,inferred,derived,lognormal_model,,C0033.14,
C0033.16,C0033,Ulvcombe Life Safety Inspections,p_ebitda_in_band,0.589,"log-normal(mu=13.94, sigma=0.53): P($1.00M <= EBITDA <= $5.00M)",derived,inferred,derived,lognormal_model,,C0033.14,
C0033.17,C0033,Ulvcombe Life Safety Inspections,presence:commercial_db_a,found,listing DBA-0024 'Ulvcombe Life Safety Inspections' matched at 100,commercial_db_a,confirmed,external,fuzzy_name_match,,,DBA-0024
C0033.18,C0033,Ulvcombe Life Safety Inspections,presence:commercial_db_b,found,listing DBB-0004 'Ulvcombe Life Safety Inspections' matched at 100,commercial_db_b,confirmed,external,fuzzy_name_match,,,DBB-0004
C0033.19,C0033,Ulvcombe Life Safety Inspections,presence:investor_db,found,listing INV-0022 'Ulvcombe Life Safety Inspections' matched at 100,investor_db,confirmed,external,fuzzy_name_match,,,INV-0022
C0033.20,C0033,Ulvcombe Life Safety Inspections,obviousness,0.9,(0.35xcommercial_db_a(1) + 0.30xcommercial_db_b(1) + 0.25xinvestor_db(1) + 0.10x website(0)) / total weight = 0.90; obvious (cut-off 0.30),derived,inferred,derived,weighted_presence,,C0033.17 C0033.18 C0033.19,
C0033.21,C0033,Ulvcombe Life Safety Inspections,screen,excluded: parent_owned,state MO vs thesis states; fit tier A; exclusions: parent_owned,derived,inferred,derived,scope_rules,,C0033.02 C0033.08 C0033.07,
C0034.01,C0034,Veltthwaite Fire Detection,name,Veltthwaite Fire Detection,operating name chosen by trust-weighted vote over 3 record(s); spelled 'VELTTHWAITE FIRE DETECTION' in LIC-0022,"business_registry, state_license, web_listing",confirmed,observed,source_field,LIC-0022 REG-0004 WEB-0047,,
C0034.02,C0034,Veltthwaite Fire Detection,location,"Ironhaven, OH",3 of 3 record(s) place the company in OH,"business_registry, state_license, web_listing",confirmed,observed,source_field,LIC-0022 REG-0004 WEB-0047,,
C0034.03,C0034,Veltthwaite Fire Detection,entity_resolution,3 record(s) from 3 source(s),"merged pairs: LIC-0022~REG-0004 (name 100, same ZIP); REG-0004~WEB-0047 (name 100, same ZIP); LIC-0022~WEB-0047 (name 100, same phone, same ZIP)","business_registry, state_license, web_listing",strong,observed,entity_resolution,LIC-0022 REG-0004 WEB-0047,,
C0034.04,C0034,Veltthwaite Fire Detection,legal_name,"Veltthwaite Fire Detection, Corp.",name with legal suffix as printed in REG-0004,business_registry,strong,observed,source_field,REG-0004,,
C0034.05,C0034,Veltthwaite Fire Detection,website,veltthwaitealarm.example,website listed in 1 record(s),web_listing,strong,observed,source_field,WEB-0047,,
C0034.06,C0034,Veltthwaite Fire Detection,naics_code,238210,NAICS 238210 (in thesis list),business_registry,confirmed,observed,source_field,REG-0004,,
C0034.07,C0034,Veltthwaite Fire Detection,license,Fire Alarm Contractor (Active),"LIC-0022: 'Fire Alarm Contractor', status Active",state_license,confirmed,observed,source_field,LIC-0022,,
C0034.08,C0034,Veltthwaite Fire Detection,services_listed,Fire alarm contractor; alarm monitoring; fire alarm inspection; fire alarm installation; maintenance agreements,service and category text from 1 record(s),web_listing,strong,observed,source_field,WEB-0047,,
C0034.09,C0034,Veltthwaite Fire Detection,fit_tier,A,A (verified): sector license 'Fire Alarm Contractor',derived,strong,derived,keyword_rule,,C0034.07,
C0034.10,C0034,Veltthwaite Fire Detection,segment,alarm,"segment keyword hits: alarm 2.5, inspection 1",derived,inferred,derived,keyword_count,,C0034.08 C0034.07 C0034.01,
C0034.11,C0034,Veltthwaite Fire Detection,service_mix,recurring_heavy,"recurring terms ['inspection', 'maintenance', 'monitoring'] vs install terms ['installation']",derived,inferred,derived,keyword_count,,C0034.08,
C0034.12,C0034,Veltthwaite Fire Detection,size_signal:licensed_technicians,11,LIC-0022 reports licensed technicians 11 -> at least 14-44 employees (weight 0.6),state_license,strong,observed,size_signal,LIC-0022,,
C0034.13,C0034,Veltthwaite Fire Detection,size_signal:stated_headcount,44,WEB-0047 reports stated headcount 44 -> 37-55 employees (weight 0.9),web_listing,strong,observed,size_signal,WEB-0047,,
C0034.14,C0034,Veltthwaite Fire Detection,employees_range,37-55,2 signal(s); midpoint 45; size confidence medium,derived,inferred,derived,weighted_geometric_mean,,C0034.12 C0034.13,
C0034.15,C0034,Veltthwaite Fire Detection,ebitda_estimate,1208329,"45 employees x $165k revenue/employee (alarm) x 16.1% margin (recurring_heavy) = $1.21M median; 95% range $0.68M-$2.15M (sigma 0.29, endpoints)",derived,inferred,derived,lognormal_model,,C0034.14 C0034.10 C0034.11,
C0034.16,C0034,Veltthwaite Fire Detection,p_ebitda_ge_min,0.741,"log-normal(mu=14.00, sigma=0.29): P(EBITDA >= $1.00M)",derived,inferred,derived,lognormal_model,,C0034.15,
C0034.17,C0034,Veltthwaite Fire Detection,p_ebitda_in_band,0.741,"log-normal(mu=14.00, sigma=0.29): P($1.00M <= EBITDA <= $5.00M)",derived,inferred,derived,lognormal_model,,C0034.15,
C0034.18,C0034,Veltthwaite Fire Detection,presence:commercial_db_a,not found,no same-state listing reached 90; best score 40,commercial_db_a,inferred,external,fuzzy_name_match,,,query: Veltthwaite Fire Detection (OH)
C0034.19,C0034,Veltthwaite Fire Detection,presence:commercial_db_b,not found,no same-state listing reached 90; best score 46,commercial_db_b,inferred,external,fuzzy_name_match,,,query: Veltthwaite Fire Detection (OH)
C0034.20,C0034,Veltthwaite Fire Detection,presence:investor_db,not found,no same-state listing reached 90; best score 0,investor_db,inferred,external,fuzzy_name_match,,,query: Veltthwaite Fire Detection (OH)
C0034.21,C0034,Veltthwaite Fire Detection,obviousness,0.1,(0.35xcommercial_db_a(0) + 0.30xcommercial_db_b(0) + 0.25xinvestor_db(0) + 0.10x website(1)) / total weight = 0.10; non-obvious (cut-off 0.30),derived,inferred,derived,weighted_presence,,C0034.18 C0034.19 C0034.20 C0034.05,
C0034.22,C0034,Veltthwaite Fire Detection,screen,in scope,state OH vs thesis states; fit tier A; passes every screen,derived,inferred,derived,scope_rules,,C0034.02 C0034.09,
C0035.01,C0035,Wexllund Fire Sprinkler Systems,name,Wexllund Fire Sprinkler Systems,operating name chosen by trust-weighted vote over 4 record(s); spelled 'Wexllund Fire Sprinkler Systems' in WEB-0007,"business_registry, state_license, web_listing",confirmed,observed,source_field,LIC-0027 REG-0055 WEB-0007 WEB-0017,,
C0035.02,C0035,Wexllund Fire Sprinkler Systems,location,"Ashton, KS",4 of 4 record(s) place the company in KS,"business_registry, state_license, web_listing",confirmed,observed,source_field,LIC-0027 REG-0055 WEB-0007 WEB-0017,,
C0035.03,C0035,Wexllund Fire Sprinkler Systems,entity_resolution,4 record(s) from 3 source(s),"merged pairs: LIC-0027~REG-0055 (name 100, same ZIP); REG-0055~WEB-0007 (name 100, same ZIP); REG-0055~WEB-0017 (name 100, same ZIP); LIC-0027~WEB-0007 (name 100, same phone, same ZIP); LIC-0027~WEB-0017 (name 100, same ZIP); +1 more","business_registry, state_license, web_listing",strong,observed,entity_resolution,LIC-0027 REG-0055 WEB-0007 WEB-0017,,
C0035.04,C0035,Wexllund Fire Sprinkler Systems,legal_name,"Wexllund Fire Sprinkler Systems, Corporation",name with legal suffix as printed in LIC-0027,"business_registry, state_license",confirmed,observed,source_field,LIC-0027 REG-0055,,
C0035.05,C0035,Wexllund Fire Sprinkler Systems,website,wexllundfire.example,website listed in 2 record(s),web_listing,strong,observed,source_field,WEB-0007 WEB-0017,,
C0035.06,C0035,Wexllund Fire Sprinkler Systems,naics_code,238220,NAICS 238220 (in thesis list),business_registry,confirmed,observed,source_field,REG-0055,,
C0035.07,C0035,Wexllund Fire Sprinkler Systems,license,Fire Sprinkler Contractor (Active),"LIC-0027: 'Fire Sprinkler Contractor', status Active",state_license,confirmed,observed,source_field,LIC-0027,,
C0035.08,C0035,Wexllund Fire Sprinkler Systems,services_listed,Fire sprinkler contractor; fire pump testing; fire sprinkler installation; standpipe service; tenant finish; fire sprinkler installation; sprinkler inspection; backflow testing; new construction,service and category text from 2 record(s),web_listing,strong,observed,source_field,WEB-0007 WEB-0017,,
C0035.09,C0035,Wexllund Fire Sprinkler Systems,fit_tier,A,A (verified): sector license 'Fire Sprinkler Contractor',derived,strong,derived,keyword_rule,,C0035.07,
C0035.10,C0035,Wexllund Fire Sprinkler Systems,segment,sprinkler,"segment keyword hits: sprinkler 4.5, inspection 2",derived,inferred,derived,keyword_count,,C0035.08 C0035.07 C0035.01,
C0035.11,C0035,Wexllund Fire Sprinkler Systems,service_mix,mixed,"recurring terms ['inspection', 'testing'] vs install terms ['installation', 'new construction', 'tenant finish']",derived,inferred,derived,keyword_count,,C0035.08,
C0035.12,C0035,Wexllund Fire Sprinkler Systems,size_signal:employee_band,50-99,REG-0055 reports employee band 50-99 -> 50-99 employees (weight 1),business_registry,strong,observed,size_signal,REG-0055,,
C0035.13,C0035,Wexllund Fire Sprinkler Systems,size_signal:licensed_technicians,17,LIC-0027 reports licensed technicians 17 -> at least 21-68 employees (weight 0.6),state_license,strong,observed,size_signal,LIC-0027,,
C0035.14,C0035,Wexllund Fire Sprinkler Systems,size_signal:stated_headcount,48,WEB-0007 reports stated headcount 48 -> 41-60 employees (weight 0.9),web_listing,strong,observed,size_signal,WEB-0007,,
C0035.15,C0035,Wexllund Fire Sprinkler Systems,employees_range,45-78,3 signal(s); midpoint 60; size confidence high,derived,strong,derived,weighted_geometric_mean,,C0035.12 C0035.13 C0035.14,
C0035.16,C0035,Wexllund Fire Sprinkler Systems,ebitda_estimate,1336882,"60 employees x $177k revenue/employee (sprinkler) x 12.6% margin (mixed) = $1.34M median; 95% range $0.68M-$2.62M (sigma 0.34, endpoints)",derived,inferred,derived,lognormal_model,,C0035.15 C0035.10 C0035.11,
C0035.17,C0035,Wexllund Fire Sprinkler Systems,p_ebitda_ge_min,0.801,"log-normal(mu=14.11, sigma=0.34): P(EBITDA >= $1.00M)",derived,inferred,derived,lognormal_model,,C0035.16,
C0035.18,C0035,Wexllund Fire Sprinkler Systems,p_ebitda_in_band,0.801,"log-normal(mu=14.11, sigma=0.34): P($1.00M <= EBITDA <= $5.00M)",derived,inferred,derived,lognormal_model,,C0035.16,
C0035.19,C0035,Wexllund Fire Sprinkler Systems,presence:commercial_db_a,found,listing DBA-0022 'Wexllund Fire Sprinkler Systems' matched at 100,commercial_db_a,confirmed,external,fuzzy_name_match,,,DBA-0022
C0035.20,C0035,Wexllund Fire Sprinkler Systems,presence:commercial_db_b,found,listing DBB-0018 'Wexllund Fire Sprinkler Systems' matched at 100,commercial_db_b,confirmed,external,fuzzy_name_match,,,DBB-0018
C0035.21,C0035,Wexllund Fire Sprinkler Systems,presence:investor_db,not found,no same-state listing reached 90; best score 52,investor_db,inferred,external,fuzzy_name_match,,,query: Wexllund Fire Sprinkler Systems (KS)
C0035.22,C0035,Wexllund Fire Sprinkler Systems,obviousness,0.75,(0.35xcommercial_db_a(1) + 0.30xcommercial_db_b(1) + 0.25xinvestor_db(0) + 0.10x website(1)) / total weight = 0.75; obvious (cut-off 0.30),derived,inferred,derived,weighted_presence,,C0035.19 C0035.20 C0035.21 C0035.05,
C0035.23,C0035,Wexllund Fire Sprinkler Systems,screen,in scope,state KS vs thesis states; fit tier A; passes every screen,derived,inferred,derived,scope_rules,,C0035.02 C0035.09,
C0036.01,C0036,Veltley Fire Sprinkler Systems,name,Veltley Fire Sprinkler Systems,operating name chosen by trust-weighted vote over 3 record(s); spelled 'Veltley Fire Sprinkler Systems Inc' in LIC-0029,"business_registry, state_license, web_listing",confirmed,observed,source_field,LIC-0029 REG-0001 WEB-0011,,
C0036.02,C0036,Veltley Fire Sprinkler Systems,location,"Ironville, KS",3 of 3 record(s) place the company in KS,"business_registry, state_license, web_listing",confirmed,observed,source_field,LIC-0029 REG-0001 WEB-0011,,
C0036.03,C0036,Veltley Fire Sprinkler Systems,entity_resolution,3 record(s) from 3 source(s),"merged pairs: LIC-0029~REG-0001 (name 100, same ZIP); REG-0001~WEB-0011 (name 100, same ZIP); LIC-0029~WEB-0011 (name 100, same phone, same ZIP)","business_registry, state_license, web_listing",strong,observed,entity_resolution,LIC-0029 REG-0001 WEB-0011,,
C0036.04,C0036,Veltley Fire Sprinkler Systems,legal_name,Veltley Fire Sprinkler Systems Inc,name with legal suffix as printed in LIC-0029,"business_registry, state_license",confirmed,observed,source_field,LIC-0029 REG-0001,,
C0036.05,C0036,Veltley Fire Sprinkler Systems,naics_code,238220,NAICS 238220 (in thesis list),business_registry,confirmed,observed,source_field,REG-0001,,
C0036.06,C0036,Veltley Fire Sprinkler Systems,license,Fire Sprinkler Contractor (Active),"LIC-0029: 'Fire Sprinkler Contractor', status Active",state_license,confirmed,observed,source_field,LIC-0029,,
C0036.07,C0036,Veltley Fire Sprinkler Systems,services_listed,Fire sprinkler contractor; sprinkler inspection; backflow testing; fire pump testing; 24/7 service,service and category text from 1 record(s),web_listing,strong,observed,source_field,WEB-0011,,
C0036.08,C0036,Veltley Fire Sprinkler Systems,ownership,parent-owned,REG-0001 lists parent entity 'Parent Entity 01 (synthetic)',business_registry,confirmed,observed,source_field,REG-0001,,
C0036.09,C0036,Veltley Fire Sprinkler Systems,fit_tier,A,A (verified): sector license 'Fire Sprinkler Contractor',derived,strong,derived,keyword_rule,,C0036.06,
C0036.10,C0036,Veltley Fire Sprinkler Systems,segment,sprinkler,"segment keyword hits: sprinkler 3.5, inspection 2",derived,inferred,derived,keyword_count,,C0036.07 C0036.06 C0036.01,
C0036.11,C0036,Veltley Fire Sprinkler Systems,service_mix,recurring_heavy,"recurring terms ['inspection', 'testing', '24/7 service'] vs install terms none",derived,inferred,derived,keyword_count,,C0036.07,
C0036.12,C0036,Veltley Fire Sprinkler Systems,size_signal:licensed_technicians,7,LIC-0029 reports licensed technicians 7 -> at least 9-28 employees (weight 0.6),state_license,strong,observed,size_signal,LIC-0029,,
C0036.13,C0036,Veltley Fire Sprinkler Systems,employees_range,9-28,1 signal(s); midpoint 16; size confidence low,derived,weak,derived,weighted_geometric_mean,,C0036.12,
C0036.14,C0036,Veltley Fire Sprinkler Systems,ebitda_estimate,447945,"16 employees x $177k revenue/employee (sprinkler) x 16.1% margin (recurring_heavy) = $0.45M median; 95% range $0.17M-$1.18M (sigma 0.49, endpoints)",derived,weak,derived,lognormal_model,,C0036.13 C0036.10 C0036.11,
C0036.15,C0036,Veltley Fire Sprinkler Systems,p_ebitda_ge_min,0.051,"log-normal(mu=13.01, sigma=0.49): P(EBITDA >= $1.00M)",derived,weak,derived,lognormal_model,,C0036.14,
C0036.16,C0036,Veltley Fire Sprinkler Systems,p_ebitda_in_band,0.051,"log-normal(mu=13.01, sigma=0.49): P($1.00M <= EBITDA <= $5.00M)",derived,weak,derived,lognormal_model,,C0036.14,
C0036.17,C0036,Veltley Fire Sprinkler Systems,presence:commercial_db_a,found,listing DBA-0046 'Veltley Fire Sprinkler Systems' matched at 100,commercial_db_a,confirmed,external,fuzzy_name_match,,,DBA-0046
C0036.18,C0036,Veltley Fire Sprinkler Systems,presence:commercial_db_b,found,listing DBB-0010 'Veltley Fire Sprinkler Systems Inc' matched at 100,commercial_db_b,confirmed,external,fuzzy_name_match,,,DBB-0010
C0036.19,C0036,Veltley Fire Sprinkler Systems,presence:investor_db,not found,no same-state listing reached 90; best score 55,investor_db,inferred,external,fuzzy_name_match,,,query: Veltley Fire Sprinkler Systems (KS)
C0036.20,C0036,Veltley Fire Sprinkler Systems,obviousness,0.65,(0.35xcommercial_db_a(1) + 0.30xcommercial_db_b(1) + 0.25xinvestor_db(0) + 0.10x website(0)) / total weight = 0.65; obvious (cut-off 0.30),derived,inferred,derived,weighted_presence,,C0036.17 C0036.18 C0036.19,
C0036.21,C0036,Veltley Fire Sprinkler Systems,screen,excluded: parent_owned,state KS vs thesis states; fit tier A; exclusions: parent_owned,derived,inferred,derived,scope_rules,,C0036.02 C0036.09 C0036.08,
C0037.01,C0037,Bexllund Fire Sprinkler,name,Bexllund Fire Sprinkler,operating name chosen by trust-weighted vote over 3 record(s); spelled 'Bexllund Fire Sprinkler' in LIC-0030,"business_registry, state_license, web_listing",confirmed,observed,source_field,LIC-0030 REG-0049 WEB-0030,,
C0037.02,C0037,Bexllund Fire Sprinkler,location,"Larkton, IA",3 of 3 record(s) place the company in IA,"business_registry, state_license, web_listing",confirmed,observed,source_field,LIC-0030 REG-0049 WEB-0030,,
C0037.03,C0037,Bexllund Fire Sprinkler,entity_resolution,3 record(s) from 3 source(s),"merged pairs: LIC-0030~REG-0049 (name 100, same ZIP); REG-0049~WEB-0030 (name 100, same ZIP); LIC-0030~WEB-0030 (name 100, same phone, same ZIP)","business_registry, state_license, web_listing",strong,observed,entity_resolution,LIC-0030 REG-0049 WEB-0030,,
C0037.04,C0037,Bexllund Fire Sprinkler,legal_name,"Bexllund Fire Sprinkler, L.L.C.",name with legal suffix as printed in REG-0049,business_registry,strong,observed,source_field,REG-0049,,
C0037.05,C0037,Bexllund Fire Sprinkler,website,bexllundfire.example,website listed in 1 record(s),web_listing,strong,observed,source_field,WEB-0030,,
C0037.06,C0037,Bexllund Fire Sprinkler,naics_code,238220,NAICS 238220 (in thesis list),business_registry,confirmed,observed,source_field,REG-0049,,
C0037.07,C0037,Bexllund Fire Sprinkler,license,Fire Sprinkler Contractor (Active),"LIC-0030: 'Fire Sprinkler Contractor', status Active",state_license,confirmed,observed,source_field,LIC-0030,,
C0037.08,C0037,Bexllund Fire Sprinkler,services_listed,Fire sprinkler contractor; fire sprinkler installation; sprinkler inspection; standpipe service; tenant finish,service and category text from 1 record(s),web_listing,strong,observed,source_field,WEB-0030,,
C0037.09,C0037,Bexllund Fire Sprinkler,fit_tier,A,A (verified): sector license 'Fire Sprinkler Contractor',derived,strong,derived,keyword_rule,,C0037.07,
C0037.10,C0037,Bexllund Fire Sprinkler,segment,sprinkler,"segment keyword hits: sprinkler 2.5, inspection 1",derived,inferred,derived,keyword_count,,C0037.08 C0037.07 C0037.01,
C0037.11,C0037,Bexllund Fire Sprinkler,service_mix,install_heavy,"recurring terms ['inspection'] vs install terms ['installation', 'tenant finish']",derived,inferred,derived,keyword_count,,C0037.08,
C0037.12,C0037,Bexllund Fire Sprinkler,size_signal:licensed_technicians,141,LIC-0030 reports licensed technicians 141 -> at least 176-564 employees (weight 0.6),state_license,strong,observed,size_signal,LIC-0030,,
C0037.13,C0037,Bexllund Fire Sprinkler,size_signal:locations,12,WEB-0030 reports locations 12 -> 72-300 employees (weight 0.5),web_listing,inferred,observed,size_signal,WEB-0030,,
C0037.14,C0037,Bexllund Fire Sprinkler,employees_range,176-300,2 signal(s); midpoint 230; size confidence medium,derived,inferred,derived,weighted_geometric_mean,,C0037.12 C0037.13,
C0037.15,C0037,Bexllund Fire Sprinkler,ebitda_estimate,3740418,"230 employees x $177k revenue/employee (sprinkler) x 9.2% margin (install_heavy) = $3.74M median; 95% range $1.85M-$7.56M (sigma 0.36, endpoints)",derived,inferred,derived,lognormal_model,,C0037.14 C0037.10 C0037.11,
C0037.16,C0037,Bexllund Fire Sprinkler,p_ebitda_ge_min,1,"log-normal(mu=15.13, sigma=0.36): P(EBITDA >= $1.00M)",derived,inferred,derived,lognormal_model,,C0037.15,
C0037.17,C0037,Bexllund Fire Sprinkler,p_ebitda_in_band,0.79,"log-normal(mu=15.13, sigma=0.36): P($1.00M <= EBITDA <= $5.00M)",derived,inferred,derived,lognormal_model,,C0037.15,
C0037.18,C0037,Bexllund Fire Sprinkler,presence:commercial_db_a,found,"listing DBA-0013 'Bexllund Fire Sprinkler, L.L.C.' matched at 100",commercial_db_a,confirmed,external,fuzzy_name_match,,,DBA-0013
C0037.19,C0037,Bexllund Fire Sprinkler,presence:commercial_db_b,not found,no same-state listing reached 90; best score 28,commercial_db_b,inferred,external,fuzzy_name_match,,,query: Bexllund Fire Sprinkler (IA)
C0037.20,C0037,Bexllund Fire Sprinkler,presence:investor_db,found,listing INV-0025 'Bexllund Fire Sprinkler' matched at 100,investor_db,confirmed,external,fuzzy_name_match,,,INV-0025
C0037.21,C0037,Bexllund Fire Sprinkler,obviousness,0.7,(0.35xcommercial_db_a(1) + 0.30xcommercial_db_b(0) + 0.25xinvestor_db(1) + 0.10x website(1)) / total weight = 0.70; obvious (cut-off 0.30),derived,inferred,derived,weighted_presence,,C0037.18 C0037.19 C0037.20 C0037.05,
C0037.22,C0037,Bexllund Fire Sprinkler,screen,in scope,state IA vs thesis states; fit tier A; passes every screen,derived,inferred,derived,scope_rules,,C0037.02 C0037.09,
C0038.01,C0038,Dovrvane Fire Alarm,name,Dovrvane Fire Alarm,operating name chosen by trust-weighted vote over 2 record(s); spelled 'Dovrvane Fire Alarm' in LIC-0031,"state_license, web_listing",confirmed,observed,source_field,LIC-0031 WEB-0042,,
C0038.02,C0038,Dovrvane Fire Alarm,location,"Cedarville, SD",2 of 2 record(s) place the company in SD,"state_license, web_listing",confirmed,observed,source_field,LIC-0031 WEB-0042,,
C0038.03,C0038,Dovrvane Fire Alarm,entity_resolution,2 record(s) from 2 source(s),"merged pairs: LIC-0031~WEB-0042 (name 100, same ZIP)","state_license, web_listing",strong,observed,entity_resolution,LIC-0031 WEB-0042,,
C0038.04,C0038,Dovrvane Fire Alarm,website,dovrvanealarm.example,website listed in 1 record(s),web_listing,strong,observed,source_field,WEB-0042,,
C0038.05,C0038,Dovrvane Fire Alarm,license,Fire Alarm Contractor (Active),"LIC-0031: 'Fire Alarm Contractor', status Active",state_license,confirmed,observed,source_field,LIC-0031,,
C0038.06,C0038,Dovrvane Fire Alarm,services_listed,Fire alarm contractor; emergency lighting; fire alarm installation; fire alarm inspection; installation and service,service and category text from 1 record(s),web_listing,strong,observed,source_field,WEB-0042,,
C0038.07,C0038,Dovrvane Fire Alarm,fit_tier,A,A (verified): sector license 'Fire Alarm Contractor',derived,strong,derived,keyword_rule,,C0038.05,
C0038.08,C0038,Dovrvane Fire Alarm,segment,alarm,"segment keyword hits: alarm 2.5, inspection 1",derived,inferred,derived,keyword_count,,C0038.06 C0038.05 C0038.01,
C0038.09,C0038,Dovrvane Fire Alarm,service_mix,mixed,recurring terms ['inspection'] vs install terms ['installation'],derived,inferred,derived,keyword_count,,C0038.06,
C0038.10,C0038,Dovrvane Fire Alarm,size_signal:licensed_technicians,21,LIC-0031 reports licensed technicians 21 -> at least 26-84 employees (weight 0.6),state_license,strong,observed,size_signal,LIC-0031,,
C0038.11,C0038,Dovrvane Fire Alarm,size_signal:stated_headcount,61,WEB-0042 reports stated headcount 61 -> 52-76 employees (weight 0.9),web_listing,strong,observed,size_signal,WEB-0042,,
C0038.12,C0038,Dovrvane Fire Alarm,employees_range,52-76,2 signal(s); midpoint 63; size confidence medium,derived,inferred,derived,weighted_geometric_mean,,C0038.10 C0038.11,
C0038.13,C0038,Dovrvane Fire Alarm,ebitda_estimate,1314122,"63 employees x $165k revenue/employee (alarm) x 12.6% margin (mixed) = $1.31M median; 95% range $0.73M-$2.38M (sigma 0.30, endpoints)",derived,inferred,derived,lognormal_model,,C0038.12 C0038.08 C0038.09,
C0038.14,C0038,Dovrvane Fire Alarm,p_ebitda_ge_min,0.816,"log-normal(mu=14.09, sigma=0.30): P(EBITDA >= $1.00M)",derived,inferred,derived,lognormal_model,,C0038.13,
C0038.15,C0038,Dovrvane Fire Alarm,p_ebitda_in_band,0.816,"log-normal(mu=14.09, sigma=0.30): P($1.00M <= EBITDA <= $5.00M)",derived,inferred,derived,lognormal_model,,C0038.13,
C0038.16,C0038,Dovrvane Fire Alarm,presence:commercial_db_a,not found,no same-state listing reached 90; best score 47,commercial_db_a,inferred,external,fuzzy_name_match,,,query: Dovrvane Fire Alarm (SD)
C0038.17,C0038,Dovrvane Fire Alarm,presence:commercial_db_b,found,listing DBB-0028 'Dovrvane Fire Alarm' matched at 100,commercial_db_b,confirmed,external,fuzzy_name_match,,,DBB-0028
C0038.18,C0038,Dovrvane Fire Alarm,presence:investor_db,not found,no same-state listing reached 90; best score 35,investor_db,inferred,external,fuzzy_name_match,,,query: Dovrvane Fire Alarm (SD)
C0038.19,C0038,Dovrvane Fire Alarm,obviousness,0.4,(0.35xcommercial_db_a(0) + 0.30xcommercial_db_b(1) + 0.25xinvestor_db(0) + 0.10x website(1)) / total weight = 0.40; obvious (cut-off 0.30),derived,inferred,derived,weighted_presence,,C0038.16 C0038.17 C0038.18 C0038.04,
C0038.20,C0038,Dovrvane Fire Alarm,screen,in scope,state SD vs thesis states; fit tier A; passes every screen,derived,inferred,derived,scope_rules,,C0038.02 C0038.07,
C0039.01,C0039,Ulvvane Fire Detection,name,Ulvvane Fire Detection,operating name chosen by trust-weighted vote over 3 record(s); spelled 'Ulvvane Fire Detection' in WEB-0018,"business_registry, state_license, web_listing",confirmed,observed,source_field,LIC-0035 REG-0033 WEB-0018,,
C0039.02,C0039,Ulvvane Fire Detection,location,"Wilford, ND",3 of 3 record(s) place the company in ND,"business_registry, state_license, web_listing",confirmed,observed,source_field,LIC-0035 REG-0033 WEB-0018,,
C0039.03,C0039,Ulvvane Fire Detection,entity_resolution,3 record(s) from 3 source(s),"merged pairs: LIC-0035~REG-0033 (name 100, same ZIP); REG-0033~WEB-0018 (name 100); LIC-0035~WEB-0018 (name 100)","business_registry, state_license, web_listing",strong,observed,entity_resolution,LIC-0035 REG-0033 WEB-0018,,
C0039.04,C0039,Ulvvane Fire Detection,legal_name,"Ulvvane Fire Detection, Company",name with legal suffix as printed in LIC-0035,"business_registry, state_license",confirmed,observed,source_field,LIC-0035 REG-0033,,
C0039.05,C0039,Ulvvane Fire Detection,naics_code,238210,NAICS 238210 (in thesis list),business_registry,confirmed,observed,source_field,REG-0033,,
C0039.06,C0039,Ulvvane Fire Detection,license,Fire Alarm Contractor (Active),"LIC-0035: 'Fire Alarm Contractor', status Active",state_license,confirmed,observed,source_field,LIC-0035,,
C0039.07,C0039,Ulvvane Fire Detection,services_listed,Fire alarm contractor; emergency lighting; fire alarm installation; notification appliances; 24/7 service; inspection agreements,service and category text from 1 record(s),web_listing,strong,observed,source_field,WEB-0018,,
C0039.08,C0039,Ulvvane Fire Detection,fit_tier,A,A (verified): sector license 'Fire Alarm Contractor',derived,strong,derived,keyword_rule,,C0039.06,
C0039.09,C0039,Ulvvane Fire Detection,segment,alarm,"segment keyword hits: alarm 3.5, inspection 1",derived,inferred,derived,keyword_count,,C0039.07 C0039.06 C0039.01,
C0039.10,C0039,Ulvvane Fire Detection,service_mix,recurring_heavy,"recurring terms ['inspection', '24/7 service'] vs install terms ['installation']",derived,inferred,derived,keyword_count,,C0039.07,
C0039.11,C0039,Ulvvane Fire Detection,size_signal:licensed_technicians,15,LIC-0035 reports licensed technicians 15 -> at least 19-60 employees (weight 0.6),state_license,strong,observed,size_signal,LIC-0035,,
C0039.12,C0039,Ulvvane Fire Detection,size_signal:stated_headcount,35,WEB-0018 reports stated headcount 35 -> 30-44 employees (weight 0.9),web_listing,strong,observed,size_signal,WEB-0018,,
C0039.13,C0039,Ulvvane Fire Detection,employees_range,30-44,2 signal(s); midpoint 36; size confidence medium,derived,inferred,derived,weighted_geometric_mean,,C0039.11 C0039.12,
C0039.14,C0039,Ulvvane Fire Detection,ebitda_estimate,961171,"36 employees x $165k revenue/employee (alarm) x 16.1% margin (recurring_heavy) = $0.96M median; 95% range $0.54M-$1.71M (sigma 0.29, endpoints)",derived,inferred,derived,lognormal_model,,C0039.13 C0039.09 C0039.10,
C0039.15,C0039,Ulvvane Fire Detection,p_ebitda_ge_min,0.446,"log-normal(mu=13.78, sigma=0.29): P(EBITDA >= $1.00M)",derived,inferred,derived,lognormal_model,,C0039.14,
C0039.16,C0039,Ulvvane Fire Detection,p_ebitda_in_band,0.446,"log-normal(mu=13.78, sigma=0.29): P($1.00M <= EBITDA <= $5.00M)",derived,inferred,derived,lognormal_model,,C0039.14,
C0039.17,C0039,Ulvvane Fire Detection,presence:commercial_db_a,found,listing DBA-0042 'Ulvvane Fire Detection' matched at 100,commercial_db_a,confirmed,external,fuzzy_name_match,,,DBA-0042
C0039.18,C0039,Ulvvane Fire Detection,presence:commercial_db_b,not found,no same-state listing reached 90; best score 28,commercial_db_b,inferred,external,fuzzy_name_match,,,query: Ulvvane Fire Detection (ND)
C0039.19,C0039,Ulvvane Fire Detection,presence:investor_db,not found,no same-state listing reached 90; best score 47,investor_db,inferred,external,fuzzy_name_match,,,query: Ulvvane Fire Detection (ND)
C0039.20,C0039,Ulvvane Fire Detection,obviousness,0.35,(0.35xcommercial_db_a(1) + 0.30xcommercial_db_b(0) + 0.25xinvestor_db(0) + 0.10x website(0)) / total weight = 0.35; obvious (cut-off 0.30),derived,inferred,derived,weighted_presence,,C0039.17 C0039.18 C0039.19,
C0039.21,C0039,Ulvvane Fire Detection,screen,in scope,state ND vs thesis states; fit tier A; passes every screen,derived,inferred,derived,scope_rules,,C0039.02 C0039.08,
C0040.01,C0040,Quenvane Fire Sprinkler,name,Quenvane Fire Sprinkler,operating name chosen by trust-weighted vote over 3 record(s); spelled 'Quenvane Fire Sprinkler' in WEB-0004,"business_registry, state_license, web_listing",confirmed,observed,source_field,LIC-0036 REG-0027 WEB-0004,,
C0040.02,C0040,Quenvane Fire Sprinkler,location,"Ironford, CO",3 of 3 record(s) place the company in CO,"business_registry, state_license, web_listing",confirmed,observed,source_field,LIC-0036 REG-0027 WEB-0004,,
C0040.03,C0040,Quenvane Fire Sprinkler,entity_resolution,3 record(s) from 3 source(s),"merged pairs: LIC-0036~REG-0027 (name 100, same ZIP); REG-0027~WEB-0004 (name 100, same ZIP); LIC-0036~WEB-0004 (name 100, same ZIP)","business_registry, state_license, web_listing",strong,observed,entity_resolution,LIC-0036 REG-0027 WEB-0004,,
C0040.04,C0040,Quenvane Fire Sprinkler,legal_name,"Ostrlund Enterprises, Inc.",name with legal suffix as printed in REG-0027,business_registry,strong,observed,source_field,REG-0027,,
C0040.05,C0040,Quenvane Fire Sprinkler,website,quenvanefire.example,website listed in 1 record(s),web_listing,strong,observed,source_field,WEB-0004,,
C0040.06,C0040,Quenvane Fire Sprinkler,naics_code,238220,NAICS 238220 (in thesis list),business_registry,confirmed,observed,source_field,REG-0027,,
C0040.07,C0040,Quenvane Fire Sprinkler,license,Fire Sprinkler Contractor (Active),"LIC-0036: 'Fire Sprinkler Contractor', status Active",state_license,confirmed,observed,source_field,LIC-0036,,
C0040.08,C0040,Quenvane Fire Sprinkler,services_listed,Fire sprinkler contractor; fire pump testing; fire sprinkler installation; standpipe service; maintenance agreements; installation and service,service and category text from 1 record(s),web_listing,strong,observed,source_field,WEB-0004,,
C0040.09,C0040,Quenvane Fire Sprinkler,fit_tier,A,A (verified): sector license 'Fire Sprinkler Contractor',derived,strong,derived,keyword_rule,,C0040.07,
C0040.10,C0040,Quenvane Fire Sprinkler,segment,sprinkler,"segment keyword hits: sprinkler 3.5, inspection 1",derived,inferred,derived,keyword_count,,C0040.08 C0040.07 C0040.01,
C0040.11,C0040,Quenvane Fire Sprinkler,service_mix,recurring_heavy,"recurring terms ['testing', 'maintenance'] vs install terms ['installation']",derived,inferred,derived,keyword_count,,C0040.08,
C0040.12,C0040,Quenvane Fire Sprinkler,size_signal:employee_band,10-19,REG-0027 reports employee band 10-19 -> 10-19 employees (weight 1),business_registry,strong,observed,size_signal,REG-0027,,
C0040.13,C0040,Quenvane Fire Sprinkler,size_signal:licensed_technicians,4,LIC-0036 reports licensed technicians 4 -> at least 5-16 employees (weight 0.6),state_license,strong,observed,size_signal,LIC-0036,,
C0040.14,C0040,Quenvane Fire Sprinkler,employees_range,10-19,2 signal(s); midpoint 14; size confidence medium,derived,inferred,derived,weighted_geometric_mean,,C0040.12 C0040.13,
C0040.15,C0040,Quenvane Fire Sprinkler,ebitda_estimate,394474,"14 employees x $177k revenue/employee (sprinkler) x 16.1% margin (recurring_heavy) = $0.39M median; 95% range $0.20M-$0.80M (sigma 0.36, endpoints)",derived,inferred,derived,lognormal_model,,C0040.14 C0040.10 C0040.11,
C0040.16,C0040,Quenvane Fire Sprinkler,p_ebitda_ge_min,0.005,"log-normal(mu=12.89, sigma=0.36): P(EBITDA >= $1.00M)",derived,inferred,derived,lognormal_model,,C0040.15,
C0040.17,C0040,Quenvane Fire Sprinkler,p_ebitda_in_band,0.005,"log-normal(mu=12.89, sigma=0.36): P($1.00M <= EBITDA <= $5.00M)",derived,inferred,derived,lognormal_model,,C0040.15,
C0040.18,C0040,Quenvane Fire Sprinkler,presence:commercial_db_a,not found,no same-state listing reached 90; best score 43,commercial_db_a,inferred,external,fuzzy_name_match,,,query: Quenvane Fire Sprinkler (CO)
C0040.19,C0040,Quenvane Fire Sprinkler,presence:commercial_db_b,found,listing DBB-0046 'Quenvane Fire Sprinkler' matched at 100,commercial_db_b,confirmed,external,fuzzy_name_match,,,DBB-0046
C0040.20,C0040,Quenvane Fire Sprinkler,presence:investor_db,not found,no same-state listing reached 90; best score 37,investor_db,inferred,external,fuzzy_name_match,,,query: Quenvane Fire Sprinkler (CO)
C0040.21,C0040,Quenvane Fire Sprinkler,obviousness,0.4,(0.35xcommercial_db_a(0) + 0.30xcommercial_db_b(1) + 0.25xinvestor_db(0) + 0.10x website(1)) / total weight = 0.40; obvious (cut-off 0.30),derived,inferred,derived,weighted_presence,,C0040.18 C0040.19 C0040.20 C0040.05,
C0040.22,C0040,Quenvane Fire Sprinkler,screen,excluded: out_of_geography,state CO vs thesis states; fit tier A; exclusions: out_of_geography,derived,inferred,derived,scope_rules,,C0040.02 C0040.09,
C0041.01,C0041,Heskrigg Fire Protection,name,Heskrigg Fire Protection,operating name chosen by trust-weighted vote over 2 record(s); spelled 'Heskrigg Fire Protection' in WEB-0002,"state_license, web_listing",confirmed,observed,source_field,LIC-0037 WEB-0002,,
C0041.02,C0041,Heskrigg Fire Protection,location,"Oakbrook, NE",2 of 2 record(s) place the company in NE,"state_license, web_listing",confirmed,observed,source_field,LIC-0037 WEB-0002,,
C0041.03,C0041,Heskrigg Fire Protection,entity_resolution,2 record(s) from 2 source(s),"merged pairs: LIC-0037~WEB-0002 (name 100, same phone, same ZIP)","state_license, web_listing",strong,observed,entity_resolution,LIC-0037 WEB-0002,,
C0041.04,C0041,Heskrigg Fire Protection,website,heskriggfire.example,website listed in 1 record(s),web_listing,strong,observed,source_field,WEB-0002,,
C0041.05,C0041,Heskrigg Fire Protection,license,Fire Sprinkler Contractor (Active),"LIC-0037: 'Fire Sprinkler Contractor', status Active",state_license,confirmed,observed,source_field,LIC-0037,,
C0041.06,C0041,Heskrigg Fire Protection,services_listed,Fire sprinkler contractor; standpipe service; backflow testing; sprinkler inspection; maintenance agreements; installation and service,service and category text from 1 record(s),web_listing,strong,observed,source_field,WEB-0002,,
C0041.07,C0041,Heskrigg Fire Protection,fit_tier,A,A (verified): sector license 'Fire Sprinkler Contractor',derived,strong,derived,keyword_rule,,C0041.05,
C0041.08,C0041,Heskrigg Fire Protection,segment,sprinkler,"segment keyword hits: sprinkler 3, inspection 2",derived,inferred,derived,keyword_count,,C0041.06 C0041.05 C0041.01,
C0041.09,C0041,Heskrigg Fire Protection,service_mix,recurring_heavy,"recurring terms ['inspection', 'testing', 'maintenance'] vs install terms ['installation']",derived,inferred,derived,keyword_count,,C0041.06,
C0041.10,C0041,Heskrigg Fire Protection,size_signal:licensed_technicians,12,LIC-0037 reports licensed technicians 12 -> at least 15-48 employees (weight 0.6),state_license,strong,observed,size_signal,LIC-0037,,
C0041.11,C0041,Heskrigg Fire Protection,size_signal:stated_headcount,38,WEB-0002 reports stated headcount 38 -> 32-48 employees (weight 0.9),web_listing,strong,observed,size_signal,WEB-0002,,
C0041.12,C0041,Heskrigg Fire Protection,employees_range,32-48,2 signal(s); midpoint 39; size confidence medium,derived,inferred,derived,weighted_geometric_mean,,C0041.10 C0041.11,
C0041.13,C0041,Heskrigg Fire Protection,ebitda_estimate,1120960,"39 employees x $177k revenue/employee (sprinkler) x 16.1% margin (recurring_heavy) = $1.12M median; 95% range $0.63M-$2.00M (sigma 0.29, endpoints)",derived,inferred,derived,lognormal_model,,C0041.12 C0041.08 C0041.09,
C0041.14,C0041,Heskrigg Fire Protection,p_ebitda_ge_min,0.651,"log-normal(mu=13.93, sigma=0.29): P(EBITDA >= $1.00M)",derived,inferred,derived,lognormal_model,,C0041.13,
C0041.15,C0041,Heskrigg Fire Protection,p_ebitda_in_band,0.651,"log-normal(mu=13.93, sigma=0.29): P($1.00M <= EBITDA <= $5.00M)",derived,inferred,derived,lognormal_model,,C0041.13,
C0041.16,C0041,Heskrigg Fire Protection,presence:commercial_db_a,found,listing DBA-0030 'Heskrigg Fire Prot.' matched at 100,commercial_db_a,confirmed,external,fuzzy_name_match,,,DBA-0030
C0041.17,C0041,Heskrigg Fire Protection,presence:commercial_db_b,not found,no same-state listing reached 90; best score 68,commercial_db_b,inferred,external,fuzzy_name_match,,,query: Heskrigg Fire Protection (NE)
C0041.18,C0041,Heskrigg Fire Protection,presence:investor_db,not found,no same-state listing reached 90; best score 15,investor_db,inferred,external,fuzzy_name_match,,,query: Heskrigg Fire Protection (NE)
C0041.19,C0041,Heskrigg Fire Protection,obviousness,0.45,(0.35xcommercial_db_a(1) + 0.30xcommercial_db_b(0) + 0.25xinvestor_db(0) + 0.10x website(1)) / total weight = 0.45; obvious (cut-off 0.30),derived,inferred,derived,weighted_presence,,C0041.16 C0041.17 C0041.18 C0041.04,
C0041.20,C0041,Heskrigg Fire Protection,screen,in scope,state NE vs thesis states; fit tier A; passes every screen,derived,inferred,derived,scope_rules,,C0041.02 C0041.07,
C0042.01,C0042,Torvbourne Sprinkler,name,Torvbourne Sprinkler,operating name chosen by trust-weighted vote over 3 record(s); spelled 'TORVBOURNE SPRINKLER CO' in LIC-0038,"business_registry, state_license, web_listing",confirmed,observed,source_field,LIC-0038 REG-0021 WEB-0044,,
C0042.02,C0042,Torvbourne Sprinkler,location,"Elmton, KS",3 of 3 record(s) place the company in KS,"business_registry, state_license, web_listing",confirmed,observed,source_field,LIC-0038 REG-0021 WEB-0044,,
C0042.03,C0042,Torvbourne Sprinkler,entity_resolution,3 record(s) from 3 source(s),"merged pairs: LIC-0038~REG-0021 (name 100, same ZIP); REG-0021~WEB-0044 (name 100, same ZIP); LIC-0038~WEB-0044 (name 100, same phone, same ZIP)","business_registry, state_license, web_listing",strong,observed,entity_resolution,LIC-0038 REG-0021 WEB-0044,,
C0042.04,C0042,Torvbourne Sprinkler,legal_name,Torvbourne Sprinkler Co Inc,name with legal suffix as printed in REG-0021,business_registry,strong,observed,source_field,REG-0021,,
C0042.05,C0042,Torvbourne Sprinkler,website,torvbournefire.example,website listed in 1 record(s),web_listing,strong,observed,source_field,WEB-0044,,
C0042.06,C0042,Torvbourne Sprinkler,naics_code,238220,NAICS 238220 (in thesis list),business_registry,confirmed,observed,source_field,REG-0021,,
C0042.07,C0042,Torvbourne Sprinkler,license,Fire Sprinkler Contractor (Active),"LIC-0038: 'Fire Sprinkler Contractor', status Active",state_license,confirmed,observed,source_field,LIC-0038,,
C0042.08,C0042,Torvbourne Sprinkler,services_listed,Fire sprinkler contractor; standpipe service; backflow testing; fire pump testing; new construction,service and category text from 1 record(s),web_listing,strong,observed,source_field,WEB-0044,,
C0042.09,C0042,Torvbourne Sprinkler,fit_tier,A,A (verified): sector license 'Fire Sprinkler Contractor',derived,strong,derived,keyword_rule,,C0042.07,
C0042.10,C0042,Torvbourne Sprinkler,segment,sprinkler,"segment keyword hits: sprinkler 4.5, inspection 1",derived,inferred,derived,keyword_count,,C0042.08 C0042.07 C0042.01,
C0042.11,C0042,Torvbourne Sprinkler,service_mix,mixed,recurring terms ['testing'] vs install terms ['new construction'],derived,inferred,derived,keyword_count,,C0042.08,
C0042.12,C0042,Torvbourne Sprinkler,size_signal:licensed_technicians,7,LIC-0038 reports licensed technicians 7 -> at least 9-28 employees (weight 0.6),state_license,strong,observed,size_signal,LIC-0038,,
C0042.13,C0042,Torvbourne Sprinkler,size_signal:stated_headcount,26,WEB-0044 reports stated headcount 26 -> 22-32 employees (weight 0.9),web_listing,strong,observed,size_signal,WEB-0044,,
C0042.14,C0042,Torvbourne Sprinkler,employees_range,22-32,2 signal(s); midpoint 27; size confidence medium,derived,inferred,derived,weighted_geometric_mean,,C0042.12 C0042.13,
C0042.15,C0042,Torvbourne Sprinkler,ebitda_estimate,601663,"27 employees x $177k revenue/employee (sprinkler) x 12.6% margin (mixed) = $0.60M median; 95% range $0.33M-$1.09M (sigma 0.30, endpoints)",derived,inferred,derived,lognormal_model,,C0042.14 C0042.10 C0042.11,
C0042.16,C0042,Torvbourne Sprinkler,p_ebitda_ge_min,0.047,"log-normal(mu=13.31, sigma=0.30): P(EBITDA >= $1.00M)",derived,inferred,derived,lognormal_model,,C0042.15,
C0042.17,C0042,Torvbourne Sprinkler,p_ebitda_in_band,0.047,"log-normal(mu=13.31, sigma=0.30): P($1.00M <= EBITDA <= $5.00M)",derived,inferred,derived,lognormal_model,,C0042.15,
C0042.18,C0042,Torvbourne Sprinkler,presence:commercial_db_a,not found,no same-state listing reached 90; best score 38,commercial_db_a,inferred,external,fuzzy_name_match,,,query: Torvbourne Sprinkler (KS)
C0042.19,C0042,Torvbourne Sprinkler,presence:commercial_db_b,not found,no same-state listing reached 90; best score 38,commercial_db_b,inferred,external,fuzzy_name_match,,,query: Torvbourne Sprinkler (KS)
C0042.20,C0042,Torvbourne Sprinkler,presence:investor_db,not found,no same-state listing reached 90; best score 34,investor_db,inferred,external,fuzzy_name_match,,,query: Torvbourne Sprinkler (KS)
C0042.21,C0042,Torvbourne Sprinkler,obviousness,0.1,(0.35xcommercial_db_a(0) + 0.30xcommercial_db_b(0) + 0.25xinvestor_db(0) + 0.10x website(1)) / total weight = 0.10; non-obvious (cut-off 0.30),derived,inferred,derived,weighted_presence,,C0042.18 C0042.19 C0042.20 C0042.05,
C0042.22,C0042,Torvbourne Sprinkler,screen,in scope,state KS vs thesis states; fit tier A; passes every screen,derived,inferred,derived,scope_rules,,C0042.02 C0042.09,
C0043.01,C0043,Pellstow Fire Inspection Services,name,Pellstow Fire Inspection Services,operating name chosen by trust-weighted vote over 2 record(s); spelled 'Pellstow Fire Inspection Services Inc' in LIC-0039,"business_registry, state_license",confirmed,observed,source_field,LIC-0039 REG-0050,,
C0043.02,C0043,Pellstow Fire Inspection Services,location,"Foxview, GA",2 of 2 record(s) place the company in GA,"business_registry, state_license",confirmed,observed,source_field,LIC-0039 REG-0050,,
C0043.03,C0043,Pellstow Fire Inspection Services,entity_resolution,2 record(s) from 2 source(s),"merged pairs: LIC-0039~REG-0050 (name 100, same ZIP)","business_registry, state_license",strong,observed,entity_resolution,LIC-0039 REG-0050,,
C0043.04,C0043,Pellstow Fire Inspection Services,legal_name,Pellstow Fire Inspection Services Inc,name with legal suffix as printed in LIC-0039,"business_registry, state_license",confirmed,observed,source_field,LIC-0039 REG-0050,,
C0043.05,C0043,Pellstow Fire Inspection Services,naics_code,541350,NAICS 541350 (in thesis list),business_registry,confirmed,observed,source_field,REG-0050,,
C0043.06,C0043,Pellstow Fire Inspection Services,license,Fire Protection Inspector (Active),"LIC-0039: 'Fire Protection Inspector', status Active",state_license,confirmed,observed,source_field,LIC-0039,,
C0043.07,C0043,Pellstow Fire Inspection Services,fit_tier,A,A (verified): sector license 'Fire Protection Inspector',derived,strong,derived,keyword_rule,,C0043.06,
C0043.08,C0043,Pellstow Fire Inspection Services,segment,inspection,segment keyword hits: inspection 0.5,derived,weak,derived,keyword_count,,C0043.06 C0043.01,
C0043.09,C0043,Pellstow Fire Inspection Services,service_mix,unknown,recurring terms none vs install terms none,derived,weak,derived,keyword_count,,C0043.07,
C0043.10,C0043,Pellstow Fire Inspection Services,size_signal:licensed_technicians,35,LIC-0039 reports licensed technicians 35 -> at least 44-140 employees (weight 0.6),state_license,strong,observed,size_signal,LIC-0039,,
C0043.11,C0043,Pellstow Fire Inspection Services,employees_range,44-140,1 signal(s); midpoint 78; size confidence low,derived,weak,derived,weighted_geometric_mean,,C0043.10,
C0043.12,C0043,Pellstow Fire Inspection Services,ebitda_estimate,1256105,"78 employees x $136k revenue/employee (inspection) x 11.8% margin (unknown) = $1.26M median; 95% range $0.35M-$4.48M (sigma 0.65, endpoints)",derived,weak,derived,lognormal_model,,C0043.11 C0043.08 C0043.09,
C0043.13,C0043,Pellstow Fire Inspection Services,p_ebitda_ge_min,0.637,"log-normal(mu=14.04, sigma=0.65): P(EBITDA >= $1.00M)",derived,weak,derived,lognormal_model,,C0043.12,
C0043.14,C0043,Pellstow Fire Inspection Services,p_ebitda_in_band,0.621,"log-normal(mu=14.04, sigma=0.65): P($1.00M <= EBITDA <= $5.00M)",derived,weak,derived,lognormal_model,,C0043.12,
C0043.15,C0043,Pellstow Fire Inspection Services,presence:commercial_db_a,not found,no same-state listing reached 90; best score 35,commercial_db_a,inferred,external,fuzzy_name_match,,,query: Pellstow Fire Inspection Services (GA)
C0043.16,C0043,Pellstow Fire Inspection Services,presence:commercial_db_b,not found,no same-state listing reached 90; best score 0,commercial_db_b,inferred,external,fuzzy_name_match,,,query: Pellstow Fire Inspection Services (GA)
C0043.17,C0043,Pellstow Fire Inspection Services,presence:investor_db,not found,no same-state listing reached 90; best score 41,investor_db,inferred,external,fuzzy_name_match,,,query: Pellstow Fire Inspection Services (GA)
C0043.18,C0043,Pellstow Fire Inspection Services,obviousness,0,(0.35xcommercial_db_a(0) + 0.30xcommercial_db_b(0) + 0.25xinvestor_db(0) + 0.10x website(0)) / total weight = 0.00; non-obvious (cut-off 0.30),derived,inferred,derived,weighted_presence,,C0043.15 C0043.16 C0043.17,
C0043.19,C0043,Pellstow Fire Inspection Services,screen,excluded: out_of_geography,state GA vs thesis states; fit tier A; exclusions: out_of_geography,derived,inferred,derived,scope_rules,,C0043.02 C0043.07,
C0044.01,C0044,Fylfield Fire Sprinkler,name,Fylfield Fire Sprinkler,operating name chosen by trust-weighted vote over 2 record(s); spelled 'Fylfield Fire Sprinkler' in LIC-0040,"state_license, web_listing",confirmed,observed,source_field,LIC-0040 WEB-0027,,
C0044.02,C0044,Fylfield Fire Sprinkler,location,"Ironbrook, MN",2 of 2 record(s) place the company in MN,"state_license, web_listing",confirmed,observed,source_field,LIC-0040 WEB-0027,,
C0044.03,C0044,Fylfield Fire Sprinkler,entity_resolution,2 record(s) from 2 source(s),"merged pairs: LIC-0040~WEB-0027 (name 100, same ZIP)","state_license, web_listing",strong,observed,entity_resolution,LIC-0040 WEB-0027,,
C0044.04,C0044,Fylfield Fire Sprinkler,license,Fire Sprinkler Contractor (Active),"LIC-0040: 'Fire Sprinkler Contractor', status Active",state_license,confirmed,observed,source_field,LIC-0040,,
C0044.05,C0044,Fylfield Fire Sprinkler,services_listed,Fire sprinkler contractor; standpipe service; backflow testing; sprinkler inspection; design-build installation; tenant finish,service and category text from 1 record(s),web_listing,strong,observed,source_field,WEB-0027,,
C0044.06,C0044,Fylfield Fire Sprinkler,fit_tier,A,A (verified): sector license 'Fire Sprinkler Contractor',derived,strong,derived,keyword_rule,,C0044.04,
C0044.07,C0044,Fylfield Fire Sprinkler,segment,sprinkler,"segment keyword hits: sprinkler 3.5, inspection 2",derived,inferred,derived,keyword_count,,C0044.05 C0044.04 C0044.01,
C0044.08,C0044,Fylfield Fire Sprinkler,service_mix,mixed,"recurring terms ['inspection', 'testing'] vs install terms ['installation', 'design-build', 'tenant finish']",derived,inferred,derived,keyword_count,,C0044.05,
C0044.09,C0044,Fylfield Fire Sprinkler,size_signal:licensed_technicians,23,LIC-0040 reports licensed technicians 23 -> at least 29-92 employees (weight 0.6),state_license,strong,observed,size_signal,LIC-0040,,
C0044.10,C0044,Fylfield Fire Sprinkler,size_signal:locations,2,WEB-0027 reports locations 2 -> 12-50 employees (weight 0.5),web_listing,inferred,observed,size_signal,WEB-0027,,
C0044.11,C0044,Fylfield Fire Sprinkler,employees_range,29-50,2 signal(s); midpoint 38; size confidence medium,derived,inferred,derived,weighted_geometric_mean,,C0044.09 C0044.10,
C0044.12,C0044,Fylfield Fire Sprinkler,ebitda_estimate,851176,"38 employees x $177k revenue/employee (sprinkler) x 12.6% margin (mixed) = $0.85M median; 95% range $0.43M-$1.68M (sigma 0.35, endpoints)",derived,inferred,derived,lognormal_model,,C0044.11 C0044.07 C0044.08,
C0044.13,C0044,Fylfield Fire Sprinkler,p_ebitda_ge_min,0.321,"log-normal(mu=13.65, sigma=0.35): P(EBITDA >= $1.00M)",derived,inferred,derived,lognormal_model,,C0044.12,
C0044.14,C0044,Fylfield Fire Sprinkler,p_ebitda_in_band,0.321,"log-normal(mu=13.65, sigma=0.35): P($1.00M <= EBITDA <= $5.00M)",derived,inferred,derived,lognormal_model,,C0044.12,
C0044.15,C0044,Fylfield Fire Sprinkler,presence:commercial_db_a,not found,no same-state listing reached 90; best score 40,commercial_db_a,inferred,external,fuzzy_name_match,,,query: Fylfield Fire Sprinkler (MN)
C0044.16,C0044,Fylfield Fire Sprinkler,presence:commercial_db_b,not found,no same-state listing reached 90; best score 35,commercial_db_b,inferred,external,fuzzy_name_match,,,query: Fylfield Fire Sprinkler (MN)
C0044.17,C0044,Fylfield Fire Sprinkler,presence:investor_db,not found,no same-state listing reached 90; best score 35,investor_db,inferred,external,fuzzy_name_match,,,query: Fylfield Fire Sprinkler (MN)
C0044.18,C0044,Fylfield Fire Sprinkler,obviousness,0,(0.35xcommercial_db_a(0) + 0.30xcommercial_db_b(0) + 0.25xinvestor_db(0) + 0.10x website(0)) / total weight = 0.00; non-obvious (cut-off 0.30),derived,inferred,derived,weighted_presence,,C0044.15 C0044.16 C0044.17,
C0044.19,C0044,Fylfield Fire Sprinkler,screen,in scope,state MN vs thesis states; fit tier A; passes every screen,derived,inferred,derived,scope_rules,,C0044.02 C0044.06,
C0045.01,C0045,Creskley Fire Detection,name,Creskley Fire Detection,"operating name chosen by trust-weighted vote over 1 record(s); spelled 'CRESKLEY FIRE DETECTION, CORP.' in REG-0002",business_registry,strong,observed,source_field,REG-0002,,
C0045.02,C0045,Creskley Fire Detection,location,"Wilton, MN",1 of 1 record(s) place the company in MN,business_registry,strong,observed,source_field,REG-0002,,
C0045.03,C0045,Creskley Fire Detection,entity_resolution,1 record(s) from 1 source(s),no other record scored at or above the merge threshold,business_registry,strong,observed,entity_resolution,REG-0002,,
C0045.04,C0045,Creskley Fire Detection,legal_name,"Creskley Fire Detection, Corp.",name with legal suffix as printed in REG-0002,business_registry,strong,observed,source_field,REG-0002,,
C0045.05,C0045,Creskley Fire Detection,naics_code,238210,NAICS 238210 (in thesis list),business_registry,confirmed,observed,source_field,REG-0002,,
C0045.06,C0045,Creskley Fire Detection,fit_tier,B,B (likely): in-thesis NAICS and name keywords ['fire detection'],derived,inferred,derived,keyword_rule,,C0045.05 C0045.01,
C0045.07,C0045,Creskley Fire Detection,segment,alarm,segment keyword hits: alarm 0.5,derived,weak,derived,keyword_count,,C0045.01,
C0045.08,C0045,Creskley Fire Detection,service_mix,unknown,recurring terms none vs install terms none,derived,weak,derived,keyword_count,,C0045.06,
C0045.09,C0045,Creskley Fire Detection,size_signal:employee_band,20-49,REG-0002 reports employee band 20-49 -> 20-49 employees (weight 1),business_registry,strong,observed,size_signal,REG-0002,,
C0045.10,C0045,Creskley Fire Detection,employees_range,20-49,1 signal(s); midpoint 31; size confidence low,derived,weak,derived,weighted_geometric_mean,,C0045.09,
C0045.11,C0045,Creskley Fire Detection,ebitda_estimate,612010,"31 employees x $165k revenue/employee (alarm) x 11.8% margin (unknown) = $0.61M median; 95% range $0.20M-$1.91M (sigma 0.58, endpoints)",derived,weak,derived,lognormal_model,,C0045.10 C0045.07 C0045.08,
C0045.12,C0045,Creskley Fire Detection,p_ebitda_ge_min,0.199,"log-normal(mu=13.32, sigma=0.58): P(EBITDA >= $1.00M)",derived,weak,derived,lognormal_model,,C0045.11,
C0045.13,C0045,Creskley Fire Detection,p_ebitda_in_band,0.199,"log-normal(mu=13.32, sigma=0.58): P($1.00M <= EBITDA <= $5.00M)",derived,weak,derived,lognormal_model,,C0045.11,
C0045.14,C0045,Creskley Fire Detection,presence:commercial_db_a,not found,no same-state listing reached 90; best score 40,commercial_db_a,inferred,external,fuzzy_name_match,,,query: Creskley Fire Detection (MN)
C0045.15,C0045,Creskley Fire Detection,presence:commercial_db_b,not found,no same-state listing reached 90; best score 38,commercial_db_b,inferred,external,fuzzy_name_match,,,query: Creskley Fire Detection (MN)
C0045.16,C0045,Creskley Fire Detection,presence:investor_db,not found,no same-state listing reached 90; best score 35,investor_db,inferred,external,fuzzy_name_match,,,query: Creskley Fire Detection (MN)
C0045.17,C0045,Creskley Fire Detection,obviousness,0,(0.35xcommercial_db_a(0) + 0.30xcommercial_db_b(0) + 0.25xinvestor_db(0) + 0.10x website(0)) / total weight = 0.00; non-obvious (cut-off 0.30),derived,inferred,derived,weighted_presence,,C0045.14 C0045.15 C0045.16,
C0045.18,C0045,Creskley Fire Detection,screen,in scope,state MN vs thesis states; fit tier B; passes every screen,derived,inferred,derived,scope_rules,,C0045.02 C0045.06,
C0046.01,C0046,Yorvthwaite Fire & Alarm,name,Yorvthwaite Fire & Alarm,operating name chosen by trust-weighted vote over 2 record(s); spelled 'YORVTHWAITE FIRE & ALARM COMPANY' in REG-0006,business_registry,strong,observed,source_field,REG-0006,,
C0046.02,C0046,Yorvthwaite Fire & Alarm,location,"Bramdale, MO",2 of 2 record(s) place the company in MO,"business_registry, web_listing",confirmed,observed,source_field,REG-0006 WEB-0010,,
C0046.03,C0046,Yorvthwaite Fire & Alarm,entity_resolution,2 record(s) from 2 source(s),"merged pairs: REG-0006~WEB-0010 (name 98, same ZIP)","business_registry, web_listing",strong,observed,entity_resolution,REG-0006 WEB-0010,,
C0046.04,C0046,Yorvthwaite Fire & Alarm,legal_name,Yorvthwaite Fire & Alarm Company,name with legal suffix as printed in REG-0006,business_registry,strong,observed,source_field,REG-0006,,
C0046.05,C0046,Yorvthwaite Fire & Alarm,website,yorvthwaitealarm.example,website listed in 1 record(s),web_listing,strong,observed,source_field,WEB-0010,,
C0046.06,C0046,Yorvthwaite Fire & Alarm,naics_code,238210,NAICS 238210 (in thesis list),business_registry,confirmed,observed,source_field,REG-0006,,
C0046.07,C0046,Yorvthwaite Fire & Alarm,services_listed,Fire alarm contractor; emergency lighting; fire alarm inspection; notification appliances; inspection agreements,service and category text from 1 record(s),web_listing,strong,observed,source_field,WEB-0010,,
C0046.08,C0046,Yorvthwaite Fire & Alarm,fit_tier,A,A (verified): in-thesis NAICS and service keywords ['fire alarm'],derived,strong,derived,keyword_rule,,C0046.06 C0046.07,
C0046.09,C0046,Yorvthwaite Fire & Alarm,segment,alarm,"segment keyword hits: alarm 3.5, inspection 1",derived,inferred,derived,keyword_count,,C0046.07 C0046.01,
C0046.10,C0046,Yorvthwaite Fire & Alarm,service_mix,recurring_heavy,recurring terms ['inspection'] vs install terms none,derived,inferred,derived,keyword_count,,C0046.07,
C0046.11,C0046,Yorvthwaite Fire & Alarm,size_signal:employee_band,20-49,REG-0006 reports employee band 20-49 -> 20-49 employees (weight 1),business_registry,strong,observed,size_signal,REG-0006,,
C0046.12,C0046,Yorvthwaite Fire & Alarm,employees_range,20-49,1 signal(s); midpoint 31; size confidence low,derived,weak,derived,weighted_geometric_mean,,C0046.11,
C0046.13,C0046,Yorvthwaite Fire & Alarm,ebitda_estimate,834029,"31 employees x $165k revenue/employee (alarm) x 16.1% margin (recurring_heavy) = $0.83M median; 95% range $0.36M-$1.91M (sigma 0.42, endpoints)",derived,weak,derived,lognormal_model,,C0046.12 C0046.09 C0046.10,
C0046.14,C0046,Yorvthwaite Fire & Alarm,p_ebitda_ge_min,0.334,"log-normal(mu=13.63, sigma=0.42): P(EBITDA >= $1.00M)",derived,weak,derived,lognormal_model,,C0046.13,
C0046.15,C0046,Yorvthwaite Fire & Alarm,p_ebitda_in_band,0.334,"log-normal(mu=13.63, sigma=0.42): P($1.00M <= EBITDA <= $5.00M)",derived,weak,derived,lognormal_model,,C0046.13,
C0046.16,C0046,Yorvthwaite Fire & Alarm,presence:commercial_db_a,found,listing DBA-0040 'Yorvthwaite Fire and Alarm Company' matched at 100,commercial_db_a,confirmed,external,fuzzy_name_match,,,DBA-0040
C0046.17,C0046,Yorvthwaite Fire & Alarm,presence:commercial_db_b,not found,no same-state listing reached 90; best score 46,commercial_db_b,inferred,external,fuzzy_name_match,,,query: Yorvthwaite Fire & Alarm (MO)
C0046.18,C0046,Yorvthwaite Fire & Alarm,presence:investor_db,found,listing INV-0028 'Yorvthwaite Fire & Alarm' matched at 100,investor_db,confirmed,external,fuzzy_name_match,,,INV-0028
C0046.19,C0046,Yorvthwaite Fire & Alarm,obviousness,0.7,(0.35xcommercial_db_a(1) + 0.30xcommercial_db_b(0) + 0.25xinvestor_db(1) + 0.10x website(1)) / total weight = 0.70; obvious (cut-off 0.30),derived,inferred,derived,weighted_presence,,C0046.16 C0046.17 C0046.18 C0046.05,
C0046.20,C0046,Yorvthwaite Fire & Alarm,screen,in scope,state MO vs thesis states; fit tier A; passes every screen,derived,inferred,derived,scope_rules,,C0046.02 C0046.08,
C0047.01,C0047,Prynmoor Building Services,name,Prynmoor Building Services,operating name chosen by trust-weighted vote over 1 record(s); spelled 'Prynmoor Building Services L.L.C.' in REG-0007,business_registry,strong,observed,source_field,REG-0007,,
C0047.02,C0047,Prynmoor Building Services,location,"Millview, IA",1 of 1 record(s) place the company in IA,business_registry,strong,observed,source_field,REG-0007,,
C0047.03,C0047,Prynmoor Building Services,entity_resolution,1 record(s) from 1 source(s),no other record scored at or above the merge threshold,business_registry,strong,observed,entity_resolution,REG-0007,,
C0047.04,C0047,Prynmoor Building Services,legal_name,Prynmoor Building Services L.L.C.,name with legal suffix as printed in REG-0007,business_registry,strong,observed,source_field,REG-0007,,
C0047.05,C0047,Prynmoor Building Services,naics_code,561720,NAICS 561720 (not in thesis list),business_registry,confirmed,observed,source_field,REG-0007,,
C0047.06,C0047,Prynmoor Building Services,fit_tier,D,"D (no sector evidence): no license, NAICS or keyword evidence",derived,weak,derived,keyword_rule,,C0047.01,
C0047.07,C0047,Prynmoor Building Services,segment,unknown,segment keyword hits: none,derived,weak,derived,keyword_count,,C0047.01,
C0047.08,C0047,Prynmoor Building Services,service_mix,unknown,recurring terms none vs install terms none,derived,weak,derived,keyword_count,,C0047.06,
C0047.09,C0047,Prynmoor Building Services,ebitda_estimate,unsized,no size signal in any source record,derived,weak,derived,lognormal_model,,C0047.03,
C0047.10,C0047,Prynmoor Building Services,presence:commercial_db_a,not found,no same-state listing reached 90; best score 53,commercial_db_a,inferred,external,fuzzy_name_match,,,query: Prynmoor Building Services (IA)
C0047.11,C0047,Prynmoor Building Services,presence:commercial_db_b,not found,no same-state listing reached 90; best score 36,commercial_db_b,inferred,external,fuzzy_name_match,,,query: Prynmoor Building Services (IA)
C0047.12,C0047,Prynmoor Building Services,presence:investor_db,not found,no same-state listing reached 90; best score 28,investor_db,inferred,external,fuzzy_name_match,,,query: Prynmoor Building Services (IA)
C0047.13,C0047,Prynmoor Building Services,obviousness,0,(0.35xcommercial_db_a(0) + 0.30xcommercial_db_b(0) + 0.25xinvestor_db(0) + 0.10x website(0)) / total weight = 0.00; non-obvious (cut-off 0.30),derived,inferred,derived,weighted_presence,,C0047.10 C0047.11 C0047.12,
C0047.14,C0047,Prynmoor Building Services,screen,excluded: no_sector_evidence,state IA vs thesis states; fit tier D; exclusions: no_sector_evidence,derived,inferred,derived,scope_rules,,C0047.02 C0047.06,
C0048.01,C0048,Lombhaven Fire Equipment,name,Lombhaven Fire Equipment,operating name chosen by trust-weighted vote over 2 record(s); spelled 'Lombhaven Fire Equipment' in WEB-0039,"business_registry, web_listing",confirmed,observed,source_field,REG-0008 WEB-0039,,
C0048.02,C0048,Lombhaven Fire Equipment,location,"Oakwood, TX",2 of 2 record(s) place the company in TX,"business_registry, web_listing",confirmed,observed,source_field,REG-0008 WEB-0039,,
C0048.03,C0048,Lombhaven Fire Equipment,entity_resolution,2 record(s) from 2 source(s),"merged pairs: REG-0008~WEB-0039 (name 100, same ZIP)","business_registry, web_listing",strong,observed,entity_resolution,REG-0008 WEB-0039,,
C0048.04,C0048,Lombhaven Fire Equipment,legal_name,Lombhaven Fire Equipment L.L.C.,name with legal suffix as printed in REG-0008,business_registry,strong,observed,source_field,REG-0008,,
C0048.05,C0048,Lombhaven Fire Equipment,website,lombhavenfireequip.example,website listed in 1 record(s),web_listing,strong,observed,source_field,WEB-0039,,
C0048.06,C0048,Lombhaven Fire Equipment,naics_code,811310,NAICS 811310 (in thesis list),business_registry,confirmed,observed,source_field,REG-0008,,
C0048.07,C0048,Lombhaven Fire Equipment,services_listed,Fire extinguisher service; hydrostatic testing; fire extinguisher service; kitchen hood suppression; 24/7 service,service and category text from 1 record(s),web_listing,strong,observed,source_field,WEB-0039,,
C0048.08,C0048,Lombhaven Fire Equipment,fit_tier,A,"A (verified): in-thesis NAICS and service keywords ['extinguisher', 'suppression']",derived,strong,derived,keyword_rule,,C0048.06 C0048.07,
C0048.09,C0048,Lombhaven Fire Equipment,segment,suppression,"segment keyword hits: inspection 1, suppression 4",derived,inferred,derived,keyword_count,,C0048.07 C0048.01,
C0048.10,C0048,Lombhaven Fire Equipment,service_mix,recurring_heavy,"recurring terms ['testing', '24/7 service'] vs install terms none",derived,inferred,derived,keyword_count,,C0048.07,
C0048.11,C0048,Lombhaven Fire Equipment,size_signal:employee_band,20-49,REG-0008 reports employee band 20-49 -> 20-49 employees (weight 1),business_registry,strong,observed,size_signal,REG-0008,,
C0048.12,C0048,Lombhaven Fire Equipment,employees_range,20-49,1 signal(s); midpoint 31; size confidence low,derived,weak,derived,weighted_geometric_mean,,C0048.11,
C0048.13,C0048,Lombhaven Fire Equipment,ebitda_estimate,720966,"31 employees x $143k revenue/employee (suppression) x 16.1% margin (recurring_heavy) = $0.72M median; 95% range $0.31M-$1.67M (sigma 0.43, endpoints)",derived,weak,derived,lognormal_model,,C0048.12 C0048.09 C0048.10,
C0048.14,C0048,Lombhaven Fire Equipment,p_ebitda_ge_min,0.222,"log-normal(mu=13.49, sigma=0.43): P(EBITDA >= $1.00M)",derived,weak,derived,lognormal_model,,C0048.13,
C0048.15,C0048,Lombhaven Fire Equipment,p_ebitda_in_band,0.222,"log-normal(mu=13.49, sigma=0.43): P($1.00M <= EBITDA <= $5.00M)",derived,weak,derived,lognormal_model,,C0048.13,
C0048.16,C0048,Lombhaven Fire Equipment,presence:commercial_db_a,found,listing DBA-0001 'Lombhaven Fire Equipment L.L.C.' matched at 100,commercial_db_a,confirmed,external,fuzzy_name_match,,,DBA-0001
C0048.17,C0048,Lombhaven Fire Equipment,presence:commercial_db_b,not found,no same-state listing reached 90; best score 26,commercial_db_b,inferred,external,fuzzy_name_match,,,query: Lombhaven Fire Equipment (TX)
C0048.18,C0048,Lombhaven Fire Equipment,presence:investor_db,not found,no same-state listing reached 90; best score 48,investor_db,inferred,external,fuzzy_name_match,,,query: Lombhaven Fire Equipment (TX)
C0048.19,C0048,Lombhaven Fire Equipment,obviousness,0.45,(0.35xcommercial_db_a(1) + 0.30xcommercial_db_b(0) + 0.25xinvestor_db(0) + 0.10x website(1)) / total weight = 0.45; obvious (cut-off 0.30),derived,inferred,derived,weighted_presence,,C0048.16 C0048.17 C0048.18 C0048.05,
C0048.20,C0048,Lombhaven Fire Equipment,screen,excluded: out_of_geography,state TX vs thesis states; fit tier A; exclusions: out_of_geography,derived,inferred,derived,scope_rules,,C0048.02 C0048.08,
C0049.01,C0049,Carvwick Electric,name,Carvwick Electric,operating name chosen by trust-weighted vote over 3 record(s); spelled 'Carvwick Electric' in WEB-0033,"business_registry, web_listing",confirmed,observed,source_field,REG-0009 WEB-0032 WEB-0033,,
C0049.02,C0049,Carvwick Electric,location,"Glenville, IN",3 of 3 record(s) place the company in IN,"business_registry, web_listing",confirmed,observed,source_field,REG-0009 WEB-0032 WEB-0033,,
C0049.03,C0049,Carvwick Electric,entity_resolution,3 record(s) from 2 source(s),"merged pairs: REG-0009~WEB-0032 (name 100, same ZIP); REG-0009~WEB-0033 (name 100, same ZIP); WEB-0032~WEB-0033 (name 100, same phone, same ZIP)","business_registry, web_listing",strong,observed,entity_resolution,REG-0009 WEB-0032 WEB-0033,,
C0049.04,C0049,Carvwick Electric,legal_name,"Carvwick Electric, Corp.",name with legal suffix as printed in REG-0009,business_registry,strong,observed,source_field,REG-0009,,
C0049.05,C0049,Carvwick Electric,naics_code,238210,NAICS 238210 (in thesis list),business_registry,confirmed,observed,source_field,REG-0009,,
C0049.06,C0049,Carvwick Electric,services_listed,Electrical contractor; emergency lighting; commercial wiring; lighting retrofits; installation and service; lighting retrofits; commercial wiring; emergency lighting; maintenance agreements,service and category text from 2 record(s),web_listing,strong,observed,source_field,WEB-0032 WEB-0033,,
C0049.07,C0049,Carvwick Electric,fit_tier,D,D (no sector evidence): adjacent-trade keywords ['wiring'],derived,inferred,derived,keyword_rule,,C0049.06,
C0049.08,C0049,Carvwick Electric,adjacent_trade,yes,service text matches ['wiring'] and no sector keyword,derived,inferred,derived,keyword_rule,,C0049.06,
C0049.09,C0049,Carvwick Electric,segment,alarm,segment keyword hits: alarm 1,derived,inferred,derived,keyword_count,,C0049.06 C0049.01,
C0049.10,C0049,Carvwick Electric,service_mix,install_heavy,"recurring terms ['maintenance'] vs install terms ['installation', 'retrofit']",derived,inferred,derived,keyword_count,,C0049.06,
C0049.11,C0049,Carvwick Electric,size_signal:locations,2,WEB-0033 reports locations 2 -> 12-50 employees (weight 0.5),web_listing,inferred,observed,size_signal,WEB-0033,,
C0049.12,C0049,Carvwick Electric,employees_range,12-50,1 signal(s); midpoint 24; size confidence low,derived,weak,derived,weighted_geometric_mean,,C0049.11,
C0049.13,C0049,Carvwick Electric,ebitda_estimate,370934,"24 employees x $165k revenue/employee (alarm) x 9.2% margin (install_heavy) = $0.37M median; 95% range $0.12M-$1.17M (sigma 0.59, endpoints)",derived,weak,derived,lognormal_model,,C0049.12 C0049.09 C0049.10,
C0049.14,C0049,Carvwick Electric,p_ebitda_ge_min,0.045,"log-normal(mu=12.82, sigma=0.59): P(EBITDA >= $1.00M)",derived,weak,derived,lognormal_model,,C0049.13,
C0049.15,C0049,Carvwick Electric,p_ebitda_in_band,0.045,"log-normal(mu=12.82, sigma=0.59): P($1.00M <= EBITDA <= $5.00M)",derived,weak,derived,lognormal_model,,C0049.13,
C0049.16,C0049,Carvwick Electric,presence:commercial_db_a,not found,no same-state listing reached 90; best score 42,commercial_db_a,inferred,external,fuzzy_name_match,,,query: Carvwick Electric (IN)
C0049.17,C0049,Carvwick Electric,presence:commercial_db_b,not found,no same-state listing reached 90; best score 42,commercial_db_b,inferred,external,fuzzy_name_match,,,query: Carvwick Electric (IN)
C0049.18,C0049,Carvwick Electric,presence:investor_db,not found,no same-state listing reached 90; best score 29,investor_db,inferred,external,fuzzy_name_match,,,query: Carvwick Electric (IN)
C0049.19,C0049,Carvwick Electric,obviousness,0,(0.35xcommercial_db_a(0) + 0.30xcommercial_db_b(0) + 0.25xinvestor_db(0) + 0.10x website(0)) / total weight = 0.00; non-obvious (cut-off 0.30),derived,inferred,derived,weighted_presence,,C0049.16 C0049.17 C0049.18,
C0049.20,C0049,Carvwick Electric,screen,excluded: adjacent_trade,state IN vs thesis states; fit tier D; exclusions: adjacent_trade,derived,inferred,derived,scope_rules,,C0049.02 C0049.07,
C0050.01,C0050,Lombridge Heating & Air,name,Lombridge Heating & Air,operating name chosen by trust-weighted vote over 2 record(s); spelled 'Lombridge Heating & Air' in WEB-0009,"business_registry, web_listing",confirmed,observed,source_field,REG-0011 WEB-0009,,
C0050.02,C0050,Lombridge Heating & Air,location,"Brambrook, IL",2 of 2 record(s) place the company in IL,"business_registry, web_listing",confirmed,observed,source_field,REG-0011 WEB-0009,,
C0050.03,C0050,Lombridge Heating & Air,entity_resolution,2 record(s) from 2 source(s),"merged pairs: REG-0011~WEB-0009 (name 100, same ZIP)","business_registry, web_listing",strong,observed,entity_resolution,REG-0011 WEB-0009,,
C0050.04,C0050,Lombridge Heating & Air,legal_name,"Lombridge Heating & Air, Co.",name with legal suffix as printed in REG-0011,business_registry,strong,observed,source_field,REG-0011,,
C0050.05,C0050,Lombridge Heating & Air,website,lombridgeair.example,website listed in 1 record(s),web_listing,strong,observed,source_field,WEB-0009,,
C0050.06,C0050,Lombridge Heating & Air,naics_code,238220,NAICS 238220 (in thesis list),business_registry,confirmed,observed,source_field,REG-0011,,
C0050.07,C0050,Lombridge Heating & Air,services_listed,HVAC contractor; furnace repair; duct cleaning; air conditioning installation; installation and service; maintenance agreements,service and category text from 1 record(s),web_listing,strong,observed,source_field,WEB-0009,,
C0050.08,C0050,Lombridge Heating & Air,fit_tier,D,"D (no sector evidence): adjacent-trade keywords ['hvac', 'furnace', 'air conditioning']",derived,inferred,derived,keyword_rule,,C0050.07,
C0050.09,C0050,Lombridge Heating & Air,adjacent_trade,yes,"service text matches ['hvac', 'furnace', 'air conditioning'] and no sector keyword",derived,inferred,derived,keyword_rule,,C0050.07,
C0050.10,C0050,Lombridge Heating & Air,segment,unknown,segment keyword hits: none,derived,weak,derived,keyword_count,,C0050.07 C0050.01,
C0050.11,C0050,Lombridge Heating & Air,service_mix,mixed,recurring terms ['maintenance'] vs install terms ['installation'],derived,inferred,derived,keyword_count,,C0050.07,
C0050.12,C0050,Lombridge Heating & Air,size_signal:employee_band,20-49,REG-0011 reports employee band 20-49 -> 20-49 employees (weight 1),business_registry,strong,observed,size_signal,REG-0011,,
C0050.13,C0050,Lombridge Heating & Air,employees_range,20-49,1 signal(s); midpoint 31; size confidence low,derived,weak,derived,weighted_geometric_mean,,C0050.12,
C0050.14,C0050,Lombridge Heating & Air,ebitda_estimate,615363,"31 employees x $155k revenue/employee (unknown) x 12.6% margin (mixed) = $0.62M median; 95% range $0.23M-$1.65M (sigma 0.50, endpoints)",derived,weak,derived,lognormal_model,,C0050.13 C0050.10 C0050.11,
C0050.15,C0050,Lombridge Heating & Air,p_ebitda_ge_min,0.167,"log-normal(mu=13.33, sigma=0.50): P(EBITDA >= $1.00M)",derived,weak,derived,lognormal_model,,C0050.14,
C0050.16,C0050,Lombridge Heating & Air,p_ebitda_in_band,0.167,"log-normal(mu=13.33, sigma=0.50): P($1.00M <= EBITDA <= $5.00M)",derived,weak,derived,lognormal_model,,C0050.14,
C0050.17,C0050,Lombridge Heating & Air,presence:commercial_db_a,found,listing DBA-0017 'Lombridge Heating & Air' matched at 100,commercial_db_a,confirmed,external,fuzzy_name_match,,,DBA-0017
C0050.18,C0050,Lombridge Heating & Air,presence:commercial_db_b,not found,no same-state listing reached 90; best score 50,commercial_db_b,inferred,external,fuzzy_name_match,,,query: Lombridge Heating & Air (IL)
C0050.19,C0050,Lombridge Heating & Air,presence:investor_db,not found,no same-state listing reached 90; best score 42,investor_db,inferred,external,fuzzy_name_match,,,query: Lombridge Heating & Air (IL)
C0050.20,C0050,Lombridge Heating & Air,obviousness,0.45,(0.35xcommercial_db_a(1) + 0.30xcommercial_db_b(0) + 0.25xinvestor_db(0) + 0.10x website(1)) / total weight = 0.45; obvious (cut-off 0.30),derived,inferred,derived,weighted_presence,,C0050.17 C0050.18 C0050.19 C0050.05,
C0050.21,C0050,Lombridge Heating & Air,screen,excluded: adjacent_trade,state IL vs thesis states; fit tier D; exclusions: adjacent_trade,derived,inferred,derived,scope_rules,,C0050.02 C0050.08,
C0051.01,C0051,Maldstow HVAC Services,name,Maldstow HVAC Services,operating name chosen by trust-weighted vote over 1 record(s); spelled 'Maldstow HVAC Services Co.' in REG-0015,business_registry,strong,observed,source_field,REG-0015,,
C0051.02,C0051,Maldstow HVAC Services,location,"Wilville, MI",1 of 1 record(s) place the company in MI,business_registry,strong,observed,source_field,REG-0015,,
C0051.03,C0051,Maldstow HVAC Services,entity_resolution,1 record(s) from 1 source(s),no other record scored at or above the merge threshold,business_registry,strong,observed,entity_resolution,REG-0015,,
C0051.04,C0051,Maldstow HVAC Services,legal_name,Maldstow HVAC Services Co.,name with legal suffix as printed in REG-0015,business_registry,strong,observed,source_field,REG-0015,,
C0051.05,C0051,Maldstow HVAC Services,naics_code,238220,NAICS 238220 (in thesis list),business_registry,confirmed,observed,source_field,REG-0015,,
C0051.06,C0051,Maldstow HVAC Services,fit_tier,C,C (name only): in-thesis NAICS only,derived,weak,derived,keyword_rule,,C0051.01 C0051.05,
C0051.07,C0051,Maldstow HVAC Services,segment,unknown,segment keyword hits: none,derived,weak,derived,keyword_count,,C0051.01,
C0051.08,C0051,Maldstow HVAC Services,service_mix,unknown,recurring terms none vs install terms none,derived,weak,derived,keyword_count,,C0051.06,
C0051.09,C0051,Maldstow HVAC Services,ebitda_estimate,unsized,no size signal in any source record,derived,weak,derived,lognormal_model,,C0051.03,
C0051.10,C0051,Maldstow HVAC Services,presence:commercial_db_a,not found,no same-state listing reached 90; best score 49,commercial_db_a,inferred,external,fuzzy_name_match,,,query: Maldstow HVAC Services (MI)
C0051.11,C0051,Maldstow HVAC Services,presence:commercial_db_b,not found,no same-state listing reached 90; best score 34,commercial_db_b,inferred,external,fuzzy_name_match,,,query: Maldstow HVAC Services (MI)
C0051.12,C0051,Maldstow HVAC Services,presence:investor_db,not found,no same-state listing reached 90; best score 0,investor_db,inferred,external,fuzzy_name_match,,,query: Maldstow HVAC Services (MI)
C0051.13,C0051,Maldstow HVAC Services,obviousness,0,(0.35xcommercial_db_a(0) + 0.30xcommercial_db_b(0) + 0.25xinvestor_db(0) + 0.10x website(0)) / total weight = 0.00; non-obvious (cut-off 0.30),derived,inferred,derived,weighted_presence,,C0051.10 C0051.11 C0051.12,
C0051.14,C0051,Maldstow HVAC Services,screen,in scope,state MI vs thesis states; fit tier C; passes every screen,derived,inferred,derived,scope_rules,,C0051.02 C0051.06,
C0052.01,C0052,Creskholt Electric,name,Creskholt Electric,"operating name chosen by trust-weighted vote over 1 record(s); spelled 'CRESKHOLT ELECTRIC, INC.' in REG-0016",business_registry,strong,observed,source_field,REG-0016,,
C0052.02,C0052,Creskholt Electric,location,"Glenwood, IL",1 of 1 record(s) place the company in IL,business_registry,strong,observed,source_field,REG-0016,,
C0052.03,C0052,Creskholt Electric,entity_resolution,1 record(s) from 1 source(s),no other record scored at or above the merge threshold,business_registry,strong,observed,entity_resolution,REG-0016,,
C0052.04,C0052,Creskholt Electric,legal_name,"Creskholt Electric, Inc.",name with legal suffix as printed in REG-0016,business_registry,strong,observed,source_field,REG-0016,,
C0052.05,C0052,Creskholt Electric,naics_code,238210,NAICS 238210 (in thesis list),business_registry,confirmed,observed,source_field,REG-0016,,
C0052.06,C0052,Creskholt Electric,fit_tier,C,C (name only): in-thesis NAICS only,derived,weak,derived,keyword_rule,,C0052.01 C0052.05,
C0052.07,C0052,Creskholt Electric,segment,unknown,segment keyword hits: none,derived,weak,derived,keyword_count,,C0052.01,
C0052.08,C0052,Creskholt Electric,service_mix,unknown,recurring terms none vs install terms none,derived,weak,derived,keyword_count,,C0052.06,
C0052.09,C0052,Creskholt Electric,ebitda_estimate,unsized,no size signal in any source record,derived,weak,derived,lognormal_model,,C0052.03,
C0052.10,C0052,Creskholt Electric,presence:commercial_db_a,not found,no same-state listing reached 90; best score 49,commercial_db_a,inferred,external,fuzzy_name_match,,,query: Creskholt Electric (IL)
C0052.11,C0052,Creskholt Electric,presence:commercial_db_b,not found,no same-state listing reached 90; best score 22,commercial_db_b,inferred,external,fuzzy_name_match,,,query: Creskholt Electric (IL)
C0052.12,C0052,Creskholt Electric,presence:investor_db,not found,no same-state listing reached 90; best score 41,investor_db,inferred,external,fuzzy_name_match,,,query: Creskholt Electric (IL)
C0052.13,C0052,Creskholt Electric,obviousness,0,(0.35xcommercial_db_a(0) + 0.30xcommercial_db_b(0) + 0.25xinvestor_db(0) + 0.10x website(0)) / total weight = 0.00; non-obvious (cut-off 0.30),derived,inferred,derived,weighted_presence,,C0052.10 C0052.11 C0052.12,
C0052.14,C0052,Creskholt Electric,screen,in scope,state IL vs thesis states; fit tier C; passes every screen,derived,inferred,derived,scope_rules,,C0052.02 C0052.06,
C0053.01,C0053,Zennstead Life Safety Systems,name,Zennstead Life Safety Systems,operating name chosen by trust-weighted vote over 2 record(s); spelled 'ZENNSTEAD LIFE SAFETY SYSTEMS INC' in REG-0018,business_registry,strong,observed,source_field,REG-0018,,
C0053.02,C0053,Zennstead Life Safety Systems,location,"Wilton, MN",2 of 2 record(s) place the company in MN,"business_registry, web_listing",confirmed,observed,source_field,REG-0018 WEB-0014,,
C0053.03,C0053,Zennstead Life Safety Systems,entity_resolution,2 record(s) from 2 source(s),merged pairs: REG-0018~WEB-0014 (name 93),"business_registry, web_listing",strong,observed,entity_resolution,REG-0018 WEB-0014,,
C0053.04,C0053,Zennstead Life Safety Systems,legal_name,Zennstead Life Safety Systems Inc,name with legal suffix as printed in REG-0018,business_registry,strong,observed,source_field,REG-0018,,
C0053.05,C0053,Zennstead Life Safety Systems,naics_code,238210,NAICS 238210 (in thesis list),business_registry,confirmed,observed,source_field,REG-0018,,
C0053.06,C0053,Zennstead Life Safety Systems,services_listed,Fire alarm contractor; fire alarm inspection; emergency lighting; fire alarm installation; new construction; tenant finish,service and category text from 1 record(s),web_listing,strong,observed,source_field,WEB-0014,,
C0053.07,C0053,Zennstead Life Safety Systems,fit_tier,A,A (verified): in-thesis NAICS and service keywords ['fire alarm'],derived,strong,derived,keyword_rule,,C0053.05 C0053.06,
C0053.08,C0053,Zennstead Life Safety Systems,segment,alarm,"segment keyword hits: alarm 2, inspection 1",derived,inferred,derived,keyword_count,,C0053.06 C0053.01,
C0053.09,C0053,Zennstead Life Safety Systems,service_mix,install_heavy,"recurring terms ['inspection'] vs install terms ['installation', 'new construction', 'tenant finish']",derived,inferred,derived,keyword_count,,C0053.06,
C0053.10,C0053,Zennstead Life Safety Systems,size_signal:employee_band,20-49,REG-0018 reports employee band 20-49 -> 20-49 employees (weight 1),business_registry,strong,observed,size_signal,REG-0018,,
C0053.11,C0053,Zennstead Life Safety Systems,employees_range,20-49,1 signal(s); midpoint 31; size confidence low,derived,weak,derived,weighted_geometric_mean,,C0053.10,
C0053.12,C0053,Zennstead Life Safety Systems,ebitda_estimate,474061,"31 employees x $165k revenue/employee (alarm) x 9.2% margin (install_heavy) = $0.47M median; 95% range $0.20M-$1.15M (sigma 0.45, endpoints)",derived,weak,derived,lognormal_model,,C0053.11 C0053.08 C0053.09,
C0053.13,C0053,Zennstead Life Safety Systems,p_ebitda_ge_min,0.049,"log-normal(mu=13.07, sigma=0.45): P(EBITDA >= $1.00M)",derived,weak,derived,lognormal_model,,C0053.12,
C0053.14,C0053,Zennstead Life Safety Systems,p_ebitda_in_band,0.049,"log-normal(mu=13.07, sigma=0.45): P($1.00M <= EBITDA <= $5.00M)",derived,weak,derived,lognormal_model,,C0053.12,
C0053.15,C0053,Zennstead Life Safety Systems,presence:commercial_db_a,found,listing DBA-0015 'Zennstead Life Safety Sys.' matched at 100,commercial_db_a,confirmed,external,fuzzy_name_match,,,DBA-0015
C0053.16,C0053,Zennstead Life Safety Systems,presence:commercial_db_b,found,listing DBB-0026 'Zennstead Life Safety Sys. Inc' matched at 100,commercial_db_b,confirmed,external,fuzzy_name_match,,,DBB-0026
C0053.17,C0053,Zennstead Life Safety Systems,presence:investor_db,found,listing INV-0012 'Zennstead Life Safety Systems Inc' matched at 100,investor_db,confirmed,external,fuzzy_name_match,,,INV-0012
C0053.18,C0053,Zennstead Life Safety Systems,obviousness,0.9,(0.35xcommercial_db_a(1) + 0.30xcommercial_db_b(1) + 0.25xinvestor_db(1) + 0.10x website(0)) / total weight = 0.90; obvious (cut-off 0.30),derived,inferred,derived,weighted_presence,,C0053.15 C0053.16 C0053.17,
C0053.19,C0053,Zennstead Life Safety Systems,screen,in scope,state MN vs thesis states; fit tier A; passes every screen,derived,inferred,derived,scope_rules,,C0053.02 C0053.07,
C0054.01,C0054,Sovrlund Plumbing & Drain,name,Sovrlund Plumbing & Drain,operating name chosen by trust-weighted vote over 3 record(s); spelled 'Sovrlund Plumbing & Drain' in WEB-0037,"business_registry, web_listing",confirmed,observed,source_field,REG-0020 WEB-0037 WEB-0049,,
C0054.02,C0054,Sovrlund Plumbing & Drain,location,"Larkport, WI",3 of 3 record(s) place the company in WI,"business_registry, web_listing",confirmed,observed,source_field,REG-0020 WEB-0037 WEB-0049,,
C0054.03,C0054,Sovrlund Plumbing & Drain,entity_resolution,3 record(s) from 2 source(s),"merged pairs: REG-0020~WEB-0037 (name 100, same ZIP); REG-0020~WEB-0049 (name 100, same ZIP); WEB-0037~WEB-0049 (name 100, same phone, same ZIP)","business_registry, web_listing",strong,observed,entity_resolution,REG-0020 WEB-0037 WEB-0049,,
C0054.04,C0054,Sovrlund Plumbing & Drain,legal_name,"Sovrlund Plumbing & Drain, Corp.",name with legal suffix as printed in REG-0020,business_registry,strong,observed,source_field,REG-0020,,
C0054.05,C0054,Sovrlund Plumbing & Drain,website,sovrlundplumbing.example,website listed in 1 record(s),web_listing,strong,observed,source_field,WEB-0037,,
C0054.06,C0054,Sovrlund Plumbing & Drain,naics_code,238220,NAICS 238220 (in thesis list),business_registry,confirmed,observed,source_field,REG-0020,,
C0054.07,C0054,Sovrlund Plumbing & Drain,services_listed,Plumbing contractor; drain cleaning; commercial plumbing; water heater installation; installation and service; maintenance agreements; water heater installation; commercial plumbing; drain cleaning; maintenance agreements,service and category text from 2 record(s),web_listing,strong,observed,source_field,WEB-0037 WEB-0049,,
C0054.08,C0054,Sovrlund Plumbing & Drain,fit_tier,D,"D (no sector evidence): adjacent-trade keywords ['plumbing', 'drain', 'water heater']",derived,inferred,derived,keyword_rule,,C0054.07,
C0054.09,C0054,Sovrlund Plumbing & Drain,adjacent_trade,yes,"service text matches ['plumbing', 'drain', 'water heater'] and no sector keyword",derived,inferred,derived,keyword_rule,,C0054.07,
C0054.10,C0054,Sovrlund Plumbing & Drain,segment,unknown,segment keyword hits: none,derived,weak,derived,keyword_count,,C0054.07 C0054.01,
C0054.11,C0054,Sovrlund Plumbing & Drain,service_mix,mixed,recurring terms ['maintenance'] vs install terms ['installation'],derived,inferred,derived,keyword_count,,C0054.07,
C0054.12,C0054,Sovrlund Plumbing & Drain,size_signal:employee_band,20-49,REG-0020 reports employee band 20-49 -> 20-49 employees (weight 1),business_registry,strong,observed,size_signal,REG-0020,,
C0054.13,C0054,Sovrlund Plumbing & Drain,size_signal:stated_headcount,24,WEB-0049 reports stated headcount 24 -> 20-30 employees (weight 0.9),web_listing,strong,observed,size_signal,WEB-0049,,
C0054.14,C0054,Sovrlund Plumbing & Drain,employees_range,20-39,2 signal(s); midpoint 28; size confidence medium,derived,inferred,derived,weighted_geometric_mean,,C0054.12 C0054.13,
C0054.15,C0054,Sovrlund Plumbing & Drain,ebitda_estimate,550432,"28 employees x $155k revenue/employee (unknown) x 12.6% margin (mixed) = $0.55M median; 95% range $0.23M-$1.30M (sigma 0.44, endpoints)",derived,inferred,derived,lognormal_model,,C0054.14 C0054.10 C0054.11,
C0054.16,C0054,Sovrlund Plumbing & Drain,p_ebitda_ge_min,0.088,"log-normal(mu=13.22, sigma=0.44): P(EBITDA >= $1.00M)",derived,inferred,derived,lognormal_model,,C0054.15,
C0054.17,C0054,Sovrlund Plumbing & Drain,p_ebitda_in_band,0.088,"log-normal(mu=13.22, sigma=0.44): P($1.00M <= EBITDA <= $5.00M)",derived,inferred,derived,lognormal_model,,C0054.15,
C0054.18,C0054,Sovrlund Plumbing & Drain,presence:commercial_db_a,found,listing DBA-0010 'Sovrlund Plumbing & Drain' matched at 100,commercial_db_a,confirmed,external,fuzzy_name_match,,,DBA-0010
C0054.19,C0054,Sovrlund Plumbing & Drain,presence:commercial_db_b,not found,no same-state listing reached 90; best score 33,commercial_db_b,inferred,external,fuzzy_name_match,,,query: Sovrlund Plumbing & Drain (WI)
C0054.20,C0054,Sovrlund Plumbing & Drain,presence:investor_db,not found,no same-state listing reached 90; best score 33,investor_db,inferred,external,fuzzy_name_match,,,query: Sovrlund Plumbing & Drain (WI)
C0054.21,C0054,Sovrlund Plumbing & Drain,obviousness,0.45,(0.35xcommercial_db_a(1) + 0.30xcommercial_db_b(0) + 0.25xinvestor_db(0) + 0.10x website(1)) / total weight = 0.45; obvious (cut-off 0.30),derived,inferred,derived,weighted_presence,,C0054.18 C0054.19 C0054.20 C0054.05,
C0054.22,C0054,Sovrlund Plumbing & Drain,screen,excluded: adjacent_trade,state WI vs thesis states; fit tier D; exclusions: adjacent_trade,derived,inferred,derived,scope_rules,,C0054.02 C0054.08,
C0055.01,C0055,Grelley Home Inspections,name,Grelley Home Inspections,operating name chosen by trust-weighted vote over 1 record(s); spelled 'Grelley Home Inspections Corporation' in REG-0023,business_registry,strong,observed,source_field,REG-0023,,
C0055.02,C0055,Grelley Home Inspections,location,"Hollowville, ND",1 of 1 record(s) place the company in ND,business_registry,strong,observed,source_field,REG-0023,,
C0055.03,C0055,Grelley Home Inspections,entity_resolution,1 record(s) from 1 source(s),no other record scored at or above the merge threshold,business_registry,strong,observed,entity_resolution,REG-0023,,
C0055.04,C0055,Grelley Home Inspections,legal_name,Grelley Home Inspections Corporation,name with legal suffix as printed in REG-0023,business_registry,strong,observed,source_field,REG-0023,,
C0055.05,C0055,Grelley Home Inspections,naics_code,541350,NAICS 541350 (in thesis list),business_registry,confirmed,observed,source_field,REG-0023,,
C0055.06,C0055,Grelley Home Inspections,fit_tier,C,C (name only): in-thesis NAICS only,derived,weak,derived,keyword_rule,,C0055.01 C0055.05,
C0055.07,C0055,Grelley Home Inspections,segment,inspection,segment keyword hits: inspection 0.5,derived,weak,derived,keyword_count,,C0055.01,
C0055.08,C0055,Grelley Home Inspections,service_mix,unknown,recurring terms none vs install terms none,derived,weak,derived,keyword_count,,C0055.06,
C0055.09,C0055,Grelley Home Inspections,ebitda_estimate,unsized,no size signal in any source record,derived,weak,derived,lognormal_model,,C0055.03,
C0055.10,C0055,Grelley Home Inspections,presence:commercial_db_a,not found,no same-state listing reached 90; best score 31,commercial_db_a,inferred,external,fuzzy_name_match,,,query: Grelley Home Inspections (ND)
C0055.11,C0055,Grelley Home Inspections,presence:commercial_db_b,not found,no same-state listing reached 90; best score 28,commercial_db_b,inferred,external,fuzzy_name_match,,,query: Grelley Home Inspections (ND)
C0055.12,C0055,Grelley Home Inspections,presence:investor_db,not found,no same-state listing reached 90; best score 38,investor_db,inferred,external,fuzzy_name_match,,,query: Grelley Home Inspections (ND)
C0055.13,C0055,Grelley Home Inspections,obviousness,0,(0.35xcommercial_db_a(0) + 0.30xcommercial_db_b(0) + 0.25xinvestor_db(0) + 0.10x website(0)) / total weight = 0.00; non-obvious (cut-off 0.30),derived,inferred,derived,weighted_presence,,C0055.10 C0055.11 C0055.12,
C0055.14,C0055,Grelley Home Inspections,screen,in scope,state ND vs thesis states; fit tier C; passes every screen,derived,inferred,derived,scope_rules,,C0055.02 C0055.06,
C0056.01,C0056,Dovrstow Fire Alarm,name,Dovrstow Fire Alarm,operating name chosen by trust-weighted vote over 2 record(s); spelled 'Dovrstow Fire Alarm' in WEB-0021,"business_registry, web_listing",confirmed,observed,source_field,REG-0025 WEB-0021,,
C0056.02,C0056,Dovrstow Fire Alarm,location,"Larkhaven, IA",2 of 2 record(s) place the company in IA,"business_registry, web_listing",confirmed,observed,source_field,REG-0025 WEB-0021,,
C0056.03,C0056,Dovrstow Fire Alarm,entity_resolution,2 record(s) from 2 source(s),merged pairs: REG-0025~WEB-0021 (name 100),"business_registry, web_listing",strong,observed,entity_resolution,REG-0025 WEB-0021,,
C0056.04,C0056,Dovrstow Fire Alarm,legal_name,Dovrstow Fire Alarm Company,name with legal suffix as printed in REG-0025,business_registry,strong,observed,source_field,REG-0025,,
C0056.05,C0056,Dovrstow Fire Alarm,website,dovrstowalarm.example,website listed in 1 record(s),web_listing,strong,observed,source_field,WEB-0021,,
C0056.06,C0056,Dovrstow Fire Alarm,naics_code,238210,NAICS 238210 (in thesis list),business_registry,confirmed,observed,source_field,REG-0025,,
C0056.07,C0056,Dovrstow Fire Alarm,services_listed,Fire alarm contractor; fire alarm inspection; emergency lighting; fire alarm installation; scheduled maintenance; 24/7 service,service and category text from 1 record(s),web_listing,strong,observed,source_field,WEB-0021,,
C0056.08,C0056,Dovrstow Fire Alarm,fit_tier,A,A (verified): in-thesis NAICS and service keywords ['fire alarm'],derived,strong,derived,keyword_rule,,C0056.06 C0056.07,
C0056.09,C0056,Dovrstow Fire Alarm,segment,alarm,"segment keyword hits: alarm 2.5, inspection 1",derived,inferred,derived,keyword_count,,C0056.07 C0056.01,
C0056.10,C0056,Dovrstow Fire Alarm,service_mix,recurring_heavy,"recurring terms ['inspection', 'maintenance', '24/7 service', 'scheduled'] vs install terms ['installation']",derived,inferred,derived,keyword_count,,C0056.07,
C0056.11,C0056,Dovrstow Fire Alarm,ebitda_estimate,unsized,no size signal in any source record,derived,weak,derived,lognormal_model,,C0056.03,
C0056.12,C0056,Dovrstow Fire Alarm,presence:commercial_db_a,found,listing DBA-0035 'Dovrstow Fire Alarm Company' matched at 100,commercial_db_a,confirmed,external,fuzzy_name_match,,,DBA-0035
C0056.13,C0056,Dovrstow Fire Alarm,presence:commercial_db_b,found,listing DBB-0044 'Dovrstow Fire Alarm Company' matched at 100,commercial_db_b,confirmed,external,fuzzy_name_match,,,DBB-0044
C0056.14,C0056,Dovrstow Fire Alarm,presence:investor_db,not found,no same-state listing reached 90; best score 44,investor_db,inferred,external,fuzzy_name_match,,,query: Dovrstow Fire Alarm (IA)
C0056.15,C0056,Dovrstow Fire Alarm,obviousness,0.75,(0.35xcommercial_db_a(1) + 0.30xcommercial_db_b(1) + 0.25xinvestor_db(0) + 0.10x website(1)) / total weight = 0.75; obvious (cut-off 0.30),derived,inferred,derived,weighted_presence,,C0056.12 C0056.13 C0056.14 C0056.05,
C0056.16,C0056,Dovrstow Fire Alarm,screen,in scope,state IA vs thesis states; fit tier A; passes every screen,derived,inferred,derived,scope_rules,,C0056.02 C0056.08,
C0057.01,C0057,Maldhurst Plumbing,name,Maldhurst Plumbing,operating name chosen by trust-weighted vote over 3 record(s); spelled 'Maldhurst Plumbing' in WEB-0025,"business_registry, web_listing",confirmed,observed,source_field,REG-0028 WEB-0019 WEB-0025,,
C0057.02,C0057,Maldhurst Plumbing,location,"Cedarford, KS",3 of 3 record(s) place the company in KS,"business_registry, web_listing",confirmed,observed,source_field,REG-0028 WEB-0019 WEB-0025,,
C0057.03,C0057,Maldhurst Plumbing,entity_resolution,3 record(s) from 2 source(s),"merged pairs: REG-0028~WEB-0019 (name 100, same ZIP); REG-0028~WEB-0025 (name 100, same ZIP); WEB-0019~WEB-0025 (name 100, same phone, same ZIP)","business_registry, web_listing",strong,observed,entity_resolution,REG-0028 WEB-0019 WEB-0025,,
C0057.04,C0057,Maldhurst Plumbing,legal_name,"Maldhurst Plumbing, Company",name with legal suffix as printed in REG-0028,business_registry,strong,observed,source_field,REG-0028,,
C0057.05,C0057,Maldhurst Plumbing,website,maldhurstplumbing.example,website listed in 1 record(s),web_listing,strong,observed,source_field,WEB-0025,,
C0057.06,C0057,Maldhurst Plumbing,naics_code,238220,NAICS 238220 (in thesis list),business_registry,confirmed,observed,source_field,REG-0028,,
C0057.07,C0057,Maldhurst Plumbing,services_listed,Plumbing contractor; commercial plumbing; drain cleaning; water heater installation; inspection agreements; scheduled maintenance; commercial plumbing; water heater installation; drain cleaning; inspection agreements; 24/7 service,service and category text from 2 record(s),web_listing,strong,observed,source_field,WEB-0019 WEB-0025,,
C0057.08,C0057,Maldhurst Plumbing,fit_tier,D,"D (no sector evidence): adjacent-trade keywords ['plumbing', 'drain', 'water heater']",derived,inferred,derived,keyword_rule,,C0057.07,
C0057.09,C0057,Maldhurst Plumbing,adjacent_trade,yes,"service text matches ['plumbing', 'drain', 'water heater'] and no sector keyword",derived,inferred,derived,keyword_rule,,C0057.07,
C0057.10,C0057,Maldhurst Plumbing,segment,inspection,segment keyword hits: inspection 1,derived,inferred,derived,keyword_count,,C0057.07 C0057.01,
C0057.11,C0057,Maldhurst Plumbing,service_mix,recurring_heavy,"recurring terms ['inspection', 'maintenance', '24/7 service', 'scheduled'] vs install terms ['installation']",derived,inferred,derived,keyword_count,,C0057.07,
C0057.12,C0057,Maldhurst Plumbing,size_signal:employee_band,20-49,REG-0028 reports employee band 20-49 -> 20-49 employees (weight 1),business_registry,strong,observed,size_signal,REG-0028,,
C0057.13,C0057,Maldhurst Plumbing,size_signal:stated_headcount,34,WEB-0019 reports stated headcount 34 -> 29-42 employees (weight 0.9),web_listing,strong,observed,size_signal,WEB-0019,,
C0057.14,C0057,Maldhurst Plumbing,employees_range,24-46,2 signal(s); midpoint 33; size confidence medium,derived,inferred,derived,weighted_geometric_mean,,C0057.12 C0057.13,
C0057.15,C0057,Maldhurst Plumbing,ebitda_estimate,722326,"33 employees x $136k revenue/employee (inspection) x 16.1% margin (recurring_heavy) = $0.72M median; 95% range $0.36M-$1.47M (sigma 0.36, endpoints)",derived,inferred,derived,lognormal_model,,C0057.14 C0057.10 C0057.11,
C0057.16,C0057,Maldhurst Plumbing,p_ebitda_ge_min,0.184,"log-normal(mu=13.49, sigma=0.36): P(EBITDA >= $1.00M)",derived,inferred,derived,lognormal_model,,C0057.15,
C0057.17,C0057,Maldhurst Plumbing,p_ebitda_in_band,0.184,"log-normal(mu=13.49, sigma=0.36): P($1.00M <= EBITDA <= $5.00M)",derived,inferred,derived,lognormal_model,,C0057.15,
C0057.18,C0057,Maldhurst Plumbing,presence:commercial_db_a,not found,no same-state listing reached 90; best score 44,commercial_db_a,inferred,external,fuzzy_name_match,,,query: Maldhurst Plumbing (KS)
C0057.19,C0057,Maldhurst Plumbing,presence:commercial_db_b,not found,no same-state listing reached 90; best score 35,commercial_db_b,inferred,external,fuzzy_name_match,,,query: Maldhurst Plumbing (KS)
C0057.20,C0057,Maldhurst Plumbing,presence:investor_db,not found,no same-state listing reached 90; best score 34,investor_db,inferred,external,fuzzy_name_match,,,query: Maldhurst Plumbing (KS)
C0057.21,C0057,Maldhurst Plumbing,obviousness,0.1,(0.35xcommercial_db_a(0) + 0.30xcommercial_db_b(0) + 0.25xinvestor_db(0) + 0.10x website(1)) / total weight = 0.10; non-obvious (cut-off 0.30),derived,inferred,derived,weighted_presence,,C0057.18 C0057.19 C0057.20 C0057.05,
C0057.22,C0057,Maldhurst Plumbing,screen,excluded: adjacent_trade,state KS vs thesis states; fit tier D; exclusions: adjacent_trade,derived,inferred,derived,scope_rules,,C0057.02 C0057.08,
C0058.01,C0058,Yorvby Hvac Services,name,Yorvby Hvac Services,operating name chosen by trust-weighted vote over 2 record(s); spelled 'YORVBY HVAC SERVICES L.L.C.' in REG-0029,business_registry,strong,observed,source_field,REG-0029,,
C0058.02,C0058,Yorvby Hvac Services,location,"Foxdale, ND",2 of 2 record(s) place the company in ND,"business_registry, web_listing",confirmed,observed,source_field,REG-0029 WEB-0029,,
C0058.03,C0058,Yorvby Hvac Services,entity_resolution,2 record(s) from 2 source(s),"merged pairs: REG-0029~WEB-0029 (name 95, same ZIP)","business_registry, web_listing",strong,observed,entity_resolution,REG-0029 WEB-0029,,
C0058.04,C0058,Yorvby Hvac Services,legal_name,Yorvby Hvac Services L.L.C.,name with legal suffix as printed in REG-0029,business_registry,strong,observed,source_field,REG-0029,,
C0058.05,C0058,Yorvby Hvac Services,website,yorvbyair.example,website listed in 1 record(s),web_listing,strong,observed,source_field,WEB-0029,,
C0058.06,C0058,Yorvby Hvac Services,services_listed,HVAC contractor; duct cleaning; air conditioning installation; furnace repair; new construction; design-build installation,service and category text from 1 record(s),web_listing,strong,observed,source_field,WEB-0029,,
C0058.07,C0058,Yorvby Hvac Services,fit_tier,D,"D (no sector evidence): adjacent-trade keywords ['hvac', 'furnace', 'air conditioning']",derived,inferred,derived,keyword_rule,,C0058.06,
C0058.08,C0058,Yorvby Hvac Services,adjacent_trade,yes,"service text matches ['hvac', 'furnace', 'air conditioning'] and no sector keyword",derived,inferred,derived,keyword_rule,,C0058.06,
C0058.09,C0058,Yorvby Hvac Services,segment,unknown,segment keyword hits: none,derived,weak,derived,keyword_count,,C0058.06 C0058.01,
C0058.10,C0058,Yorvby Hvac Services,service_mix,install_heavy,"recurring terms none vs install terms ['installation', 'design-build', 'new construction']",derived,inferred,derived,keyword_count,,C0058.06,
C0058.11,C0058,Yorvby Hvac Services,ebitda_estimate,unsized,no size signal in any source record,derived,weak,derived,lognormal_model,,C0058.03,
C0058.12,C0058,Yorvby Hvac Services,presence:commercial_db_a,not found,no same-state listing reached 90; best score 31,commercial_db_a,inferred,external,fuzzy_name_match,,,query: Yorvby Hvac Services (ND)
C0058.13,C0058,Yorvby Hvac Services,presence:commercial_db_b,not found,no same-state listing reached 90; best score 28,commercial_db_b,inferred,external,fuzzy_name_match,,,query: Yorvby Hvac Services (ND)
C0058.14,C0058,Yorvby Hvac Services,presence:investor_db,not found,no same-state listing reached 90; best score 31,investor_db,inferred,external,fuzzy_name_match,,,query: Yorvby Hvac Services (ND)
C0058.15,C0058,Yorvby Hvac Services,obviousness,0.1,(0.35xcommercial_db_a(0) + 0.30xcommercial_db_b(0) + 0.25xinvestor_db(0) + 0.10x website(1)) / total weight = 0.10; non-obvious (cut-off 0.30),derived,inferred,derived,weighted_presence,,C0058.12 C0058.13 C0058.14 C0058.05,
C0058.16,C0058,Yorvby Hvac Services,screen,excluded: adjacent_trade,state ND vs thesis states; fit tier D; exclusions: adjacent_trade,derived,inferred,derived,scope_rules,,C0058.02 C0058.07,
C0059.01,C0059,Maldmere Fire Sprinkler Systems,name,Maldmere Fire Sprinkler Systems,operating name chosen by trust-weighted vote over 1 record(s); spelled 'Maldmere Fire Sprinkler Systems Company' in REG-0042,business_registry,strong,observed,source_field,REG-0042,,
C0059.02,C0059,Maldmere Fire Sprinkler Systems,location,"Wilton, NE",1 of 1 record(s) place the company in NE,business_registry,strong,observed,source_field,REG-0042,,
C0059.03,C0059,Maldmere Fire Sprinkler Systems,entity_resolution,1 record(s) from 1 source(s),no other record scored at or above the merge threshold,business_registry,strong,observed,entity_resolution,REG-0042,,
C0059.04,C0059,Maldmere Fire Sprinkler Systems,legal_name,Maldmere Fire Sprinkler Systems Company,name with legal suffix as printed in REG-0042,business_registry,strong,observed,source_field,REG-0042,,
C0059.05,C0059,Maldmere Fire Sprinkler Systems,naics_code,238220,NAICS 238220 (in thesis list),business_registry,confirmed,observed,source_field,REG-0042,,
C0059.06,C0059,Maldmere Fire Sprinkler Systems,fit_tier,B,"B (likely): in-thesis NAICS and name keywords ['fire sprinkler', 'sprinkler']",derived,inferred,derived,keyword_rule,,C0059.05 C0059.01,
C0059.07,C0059,Maldmere Fire Sprinkler Systems,segment,sprinkler,segment keyword hits: sprinkler 0.5,derived,weak,derived,keyword_count,,C0059.01,
C0059.08,C0059,Maldmere Fire Sprinkler Systems,service_mix,unknown,recurring terms none vs install terms none,derived,weak,derived,keyword_count,,C0059.06,
C0059.09,C0059,Maldmere Fire Sprinkler Systems,size_signal:employee_band,100-249,REG-0042 reports employee band 100-249 -> 100-249 employees (weight 1),business_registry,strong,observed,size_signal,REG-0042,,
C0059.10,C0059,Maldmere Fire Sprinkler Systems,employees_range,100-249,1 signal(s); midpoint 158; size confidence low,derived,weak,derived,weighted_geometric_mean,,C0059.09,
C0059.11,C0059,Maldmere Fire Sprinkler Systems,ebitda_estimate,3313744,"158 employees x $177k revenue/employee (sprinkler) x 11.8% margin (unknown) = $3.31M median; 95% range $1.05M-$10.46M (sigma 0.59, endpoints)",derived,weak,derived,lognormal_model,,C0059.10 C0059.07 C0059.08,
C0059.12,C0059,Maldmere Fire Sprinkler Systems,p_ebitda_ge_min,0.979,"log-normal(mu=15.01, sigma=0.59): P(EBITDA >= $1.00M)",derived,weak,derived,lognormal_model,,C0059.11,
C0059.13,C0059,Maldmere Fire Sprinkler Systems,p_ebitda_in_band,0.738,"log-normal(mu=15.01, sigma=0.59): P($1.00M <= EBITDA <= $5.00M)",derived,weak,derived,lognormal_model,,C0059.11,
C0059.14,C0059,Maldmere Fire Sprinkler Systems,presence:commercial_db_a,not found,no same-state listing reached 90; best score 48,commercial_db_a,inferred,external,fuzzy_name_match,,,query: Maldmere Fire Sprinkler Systems (NE)
C0059.15,C0059,Maldmere Fire Sprinkler Systems,presence:commercial_db_b,found,listing DBB-0008 'Maldmere Fire Sprinkler Systems' matched at 100,commercial_db_b,confirmed,external,fuzzy_name_match,,,DBB-0008
C0059.16,C0059,Maldmere Fire Sprinkler Systems,presence:investor_db,not found,no same-state listing reached 90; best score 30,investor_db,inferred,external,fuzzy_name_match,,,query: Maldmere Fire Sprinkler Systems (NE)
C0059.17,C0059,Maldmere Fire Sprinkler Systems,obviousness,0.3,(0.35xcommercial_db_a(0) + 0.30xcommercial_db_b(1) + 0.25xinvestor_db(0) + 0.10x website(0)) / total weight = 0.30; obvious (cut-off 0.30),derived,inferred,derived,weighted_presence,,C0059.14 C0059.15 C0059.16,
C0059.18,C0059,Maldmere Fire Sprinkler Systems,screen,in scope,state NE vs thesis states; fit tier B; passes every screen,derived,inferred,derived,scope_rules,,C0059.02 C0059.06,
C0060.01,C0060,Jastrigg Plumbing,name,Jastrigg Plumbing,operating name chosen by trust-weighted vote over 1 record(s); spelled 'JASTRIGG PLUMBING CORP.' in REG-0052,business_registry,strong,observed,source_field,REG-0052,,
C0060.02,C0060,Jastrigg Plumbing,location,"Stonehaven, OH",1 of 1 record(s) place the company in OH,business_registry,strong,observed,source_field,REG-0052,,
C0060.03,C0060,Jastrigg Plumbing,entity_resolution,1 record(s) from 1 source(s),no other record scored at or above the merge threshold,business_registry,strong,observed,entity_resolution,REG-0052,,
C0060.04,C0060,Jastrigg Plumbing,legal_name,Jastrigg Plumbing Corp.,name with legal suffix as printed in REG-0052,business_registry,strong,observed,source_field,REG-0052,,
C0060.05,C0060,Jastrigg Plumbing,naics_code,238220,NAICS 238220 (in thesis list),business_registry,confirmed,observed,source_field,REG-0052,,
C0060.06,C0060,Jastrigg Plumbing,fit_tier,C,C (name only): in-thesis NAICS only,derived,weak,derived,keyword_rule,,C0060.01 C0060.05,
C0060.07,C0060,Jastrigg Plumbing,segment,unknown,segment keyword hits: none,derived,weak,derived,keyword_count,,C0060.01,
C0060.08,C0060,Jastrigg Plumbing,service_mix,unknown,recurring terms none vs install terms none,derived,weak,derived,keyword_count,,C0060.06,
C0060.09,C0060,Jastrigg Plumbing,size_signal:employee_band,50-99,REG-0052 reports employee band 50-99 -> 50-99 employees (weight 1),business_registry,strong,observed,size_signal,REG-0052,,
C0060.10,C0060,Jastrigg Plumbing,employees_range,50-99,1 signal(s); midpoint 70; size confidence low,derived,weak,derived,weighted_geometric_mean,,C0060.09,
C0060.11,C0060,Jastrigg Plumbing,ebitda_estimate,1293675,"70 employees x $155k revenue/employee (unknown) x 11.8% margin (unknown) = $1.29M median; 95% range $0.40M-$4.16M (sigma 0.60, endpoints)",derived,weak,derived,lognormal_model,,C0060.10 C0060.07 C0060.08,
C0060.12,C0060,Jastrigg Plumbing,p_ebitda_ge_min,0.667,"log-normal(mu=14.07, sigma=0.60): P(EBITDA >= $1.00M)",derived,weak,derived,lognormal_model,,C0060.11,
C0060.13,C0060,Jastrigg Plumbing,p_ebitda_in_band,0.656,"log-normal(mu=14.07, sigma=0.60): P($1.00M <= EBITDA <= $5.00M)",derived,weak,derived,lognormal_model,,C0060.11,
C0060.14,C0060,Jastrigg Plumbing,presence:commercial_db_a,found,listing DBA-0044 'Jastrigg Plumbing' matched at 100,commercial_db_a,confirmed,external,fuzzy_name_match,,,DBA-0044
C0060.15,C0060,Jastrigg Plumbing,presence:commercial_db_b,not found,no same-state listing reached 90; best score 35,commercial_db_b,inferred,external,fuzzy_name_match,,,query: Jastrigg Plumbing (OH)
C0060.16,C0060,Jastrigg Plumbing,presence:investor_db,not found,no same-state listing reached 90; best score 0,investor_db,inferred,external,fuzzy_name_match,,,query: Jastrigg Plumbing (OH)
C0060.17,C0060,Jastrigg Plumbing,obviousness,0.35,(0.35xcommercial_db_a(1) + 0.30xcommercial_db_b(0) + 0.25xinvestor_db(0) + 0.10x website(0)) / total weight = 0.35; obvious (cut-off 0.30),derived,inferred,derived,weighted_presence,,C0060.14 C0060.15 C0060.16,
C0060.18,C0060,Jastrigg Plumbing,screen,in scope,state OH vs thesis states; fit tier C; passes every screen,derived,inferred,derived,scope_rules,,C0060.02 C0060.06,
C0061.01,C0061,Pellmere Plumbing and Drain,name,Pellmere Plumbing and Drain,operating name chosen by trust-weighted vote over 2 record(s); spelled 'Pellmere Plumbing and Drain' in WEB-0031,"business_registry, web_listing",confirmed,observed,source_field,REG-0053 WEB-0031,,
C0061.02,C0061,Pellmere Plumbing and Drain,location,"Larkdale, CO",2 of 2 record(s) place the company in CO,"business_registry, web_listing",confirmed,observed,source_field,REG-0053 WEB-0031,,
C0061.03,C0061,Pellmere Plumbing and Drain,entity_resolution,2 record(s) from 2 source(s),"merged pairs: REG-0053~WEB-0031 (name 100, same ZIP)","business_registry, web_listing",strong,observed,entity_resolution,REG-0053 WEB-0031,,
C0061.04,C0061,Pellmere Plumbing and Drain,legal_name,Pellmere Plumbing & Drain Inc.,name with legal suffix as printed in REG-0053,business_registry,strong,observed,source_field,REG-0053,,
C0061.05,C0061,Pellmere Plumbing and Drain,website,pellmereplumbing.example,website listed in 1 record(s),web_listing,strong,observed,source_field,WEB-0031,,
C0061.06,C0061,Pellmere Plumbing and Drain,naics_code,238220,NAICS 238220 (in thesis list),business_registry,confirmed,observed,source_field,REG-0053,,
C0061.07,C0061,Pellmere Plumbing and Drain,services_listed,Plumbing contractor; drain cleaning; commercial plumbing; water heater installation; tenant finish; design-build installation,service and category text from 1 record(s),web_listing,strong,observed,source_field,WEB-0031,,
C0061.08,C0061,Pellmere Plumbing and Drain,fit_tier,D,"D (no sector evidence): adjacent-trade keywords ['plumbing', 'drain', 'water heater']",derived,inferred,derived,keyword_rule,,C0061.07,
C0061.09,C0061,Pellmere Plumbing and Drain,adjacent_trade,yes,"service text matches ['plumbing', 'drain', 'water heater'] and no sector keyword",derived,inferred,derived,keyword_rule,,C0061.07,
C0061.10,C0061,Pellmere Plumbing and Drain,segment,unknown,segment keyword hits: none,derived,weak,derived,keyword_count,,C0061.07 C0061.01,
C0061.11,C0061,Pellmere Plumbing and Drain,service_mix,install_heavy,"recurring terms none vs install terms ['installation', 'design-build', 'tenant finish']",derived,inferred,derived,keyword_count,,C0061.07,
C0061.12,C0061,Pellmere Plumbing and Drain,size_signal:stated_headcount,27,WEB-0031 reports stated headcount 27 -> 23-34 employees (weight 0.9),web_listing,strong,observed,size_signal,WEB-0031,,
C0061.13,C0061,Pellmere Plumbing and Drain,employees_range,23-34,1 signal(s); midpoint 28; size confidence low,derived,weak,derived,weighted_geometric_mean,,C0061.12,
C0061.14,C0061,Pellmere Plumbing and Drain,ebitda_estimate,396393,"28 employees x $155k revenue/employee (unknown) x 9.2% margin (install_heavy) = $0.40M median; 95% range $0.18M-$0.85M (sigma 0.39, endpoints)",derived,weak,derived,lognormal_model,,C0061.13 C0061.10 C0061.11,
C0061.15,C0061,Pellmere Plumbing and Drain,p_ebitda_ge_min,0.009,"log-normal(mu=12.89, sigma=0.39): P(EBITDA >= $1.00M)",derived,weak,derived,lognormal_model,,C0061.14,
C0061.16,C0061,Pellmere Plumbing and Drain,p_ebitda_in_band,0.009,"log-normal(mu=12.89, sigma=0.39): P($1.00M <= EBITDA <= $5.00M)",derived,weak,derived,lognormal_model,,C0061.14,
C0061.17,C0061,Pellmere Plumbing and Drain,presence:commercial_db_a,not found,no same-state listing reached 90; best score 37,commercial_db_a,inferred,external,fuzzy_name_match,,,query: Pellmere Plumbing and Drain (CO)
C0061.18,C0061,Pellmere Plumbing and Drain,presence:commercial_db_b,not found,no same-state listing reached 90; best score 35,commercial_db_b,inferred,external,fuzzy_name_match,,,query: Pellmere Plumbing and Drain (CO)
C0061.19,C0061,Pellmere Plumbing and Drain,presence:investor_db,found,listing INV-0002 'Pellmere Plumbing & Drain' matched at 100,investor_db,confirmed,external,fuzzy_name_match,,,INV-0002
C0061.20,C0061,Pellmere Plumbing and Drain,obviousness,0.35,(0.35xcommercial_db_a(0) + 0.30xcommercial_db_b(0) + 0.25xinvestor_db(1) + 0.10x website(1)) / total weight = 0.35; obvious (cut-off 0.30),derived,inferred,derived,weighted_presence,,C0061.17 C0061.18 C0061.19 C0061.05,
C0061.21,C0061,Pellmere Plumbing and Drain,screen,"excluded: out_of_geography, adjacent_trade","state CO vs thesis states; fit tier D; exclusions: out_of_geography, adjacent_trade",derived,inferred,derived,scope_rules,,C0061.02 C0061.08,
C0062.01,C0062,Veltthwaite Heating & Air,name,Veltthwaite Heating & Air,operating name chosen by trust-weighted vote over 2 record(s); spelled 'Veltthwaite Heating & Air' in REG-0056,"business_registry, web_listing",confirmed,observed,source_field,REG-0056 WEB-0023,,
C0062.02,C0062,Veltthwaite Heating & Air,location,"Ironhaven, OH",2 of 2 record(s) place the company in OH,"business_registry, web_listing",confirmed,observed,source_field,REG-0056 WEB-0023,,
C0062.03,C0062,Veltthwaite Heating & Air,entity_resolution,2 record(s) from 2 source(s),merged pairs: REG-0056~WEB-0023 (name 100),"business_registry, web_listing",strong,observed,entity_resolution,REG-0056 WEB-0023,,
C0062.04,C0062,Veltthwaite Heating & Air,legal_name,Prynby Group LLC,name with legal suffix as printed in REG-0056,business_registry,strong,observed,source_field,REG-0056,,
C0062.05,C0062,Veltthwaite Heating & Air,website,veltthwaiteair.example,website listed in 1 record(s),web_listing,strong,observed,source_field,WEB-0023,,
C0062.06,C0062,Veltthwaite Heating & Air,naics_code,238220,NAICS 238220 (in thesis list),business_registry,confirmed,observed,source_field,REG-0056,,
C0062.07,C0062,Veltthwaite Heating & Air,services_listed,HVAC contractor; air conditioning installation; duct cleaning; furnace repair; maintenance agreements,service and category text from 1 record(s),web_listing,strong,observed,source_field,WEB-0023,,
C0062.08,C0062,Veltthwaite Heating & Air,fit_tier,D,"D (no sector evidence): adjacent-trade keywords ['hvac', 'furnace', 'air conditioning']",derived,inferred,derived,keyword_rule,,C0062.07,
C0062.09,C0062,Veltthwaite Heating & Air,adjacent_trade,yes,"service text matches ['hvac', 'furnace', 'air conditioning'] and no sector keyword",derived,inferred,derived,keyword_rule,,C0062.07,
C0062.10,C0062,Veltthwaite Heating & Air,segment,unknown,segment keyword hits: none,derived,weak,derived,keyword_count,,C0062.07 C0062.01,
C0062.11,C0062,Veltthwaite Heating & Air,service_mix,mixed,recurring terms ['maintenance'] vs install terms ['installation'],derived,inferred,derived,keyword_count,,C0062.07,
C0062.12,C0062,Veltthwaite Heating & Air,size_signal:employee_band,50-99,REG-0056 reports employee band 50-99 -> 50-99 employees (weight 1),business_registry,strong,observed,size_signal,REG-0056,,
C0062.13,C0062,Veltthwaite Heating & Air,employees_range,50-99,1 signal(s); midpoint 70; size confidence low,derived,weak,derived,weighted_geometric_mean,,C0062.12,
C0062.14,C0062,Veltthwaite Heating & Air,ebitda_estimate,1382997,"70 employees x $155k revenue/employee (unknown) x 12.6% margin (mixed) = $1.38M median; 95% range $0.58M-$3.33M (sigma 0.45, endpoints)",derived,weak,derived,lognormal_model,,C0062.13 C0062.10 C0062.11,
C0062.15,C0062,Veltthwaite Heating & Air,p_ebitda_ge_min,0.766,"log-normal(mu=14.14, sigma=0.45): P(EBITDA >= $1.00M)",derived,weak,derived,lognormal_model,,C0062.14,
C0062.16,C0062,Veltthwaite Heating & Air,p_ebitda_in_band,0.763,"log-normal(mu=14.14, sigma=0.45): P($1.00M <= EBITDA <= $5.00M)",derived,weak,derived,lognormal_model,,C0062.14,
C0062.17,C0062,Veltthwaite Heating & Air,presence:commercial_db_a,not found,no same-state listing reached 90; best score 36,commercial_db_a,inferred,external,fuzzy_name_match,,,query: Veltthwaite Heating & Air (OH)
C0062.18,C0062,Veltthwaite Heating & Air,presence:commercial_db_b,not found,no same-state listing reached 90; best score 42,commercial_db_b,inferred,external,fuzzy_name_match,,,query: Veltthwaite Heating & Air (OH)
C0062.19,C0062,Veltthwaite Heating & Air,presence:investor_db,not found,no same-state listing reached 90; best score 0,investor_db,inferred,external,fuzzy_name_match,,,query: Veltthwaite Heating & Air (OH)
C0062.20,C0062,Veltthwaite Heating & Air,obviousness,0.1,(0.35xcommercial_db_a(0) + 0.30xcommercial_db_b(0) + 0.25xinvestor_db(0) + 0.10x website(1)) / total weight = 0.10; non-obvious (cut-off 0.30),derived,inferred,derived,weighted_presence,,C0062.17 C0062.18 C0062.19 C0062.05,
C0062.21,C0062,Veltthwaite Heating & Air,screen,excluded: adjacent_trade,state OH vs thesis states; fit tier D; exclusions: adjacent_trade,derived,inferred,derived,scope_rules,,C0062.02 C0062.08,
C0063.01,C0063,Maldmoor Plumbing,name,Maldmoor Plumbing,operating name chosen by trust-weighted vote over 2 record(s); spelled 'Maldmoor Plumbing' in WEB-0022,"business_registry, web_listing",confirmed,observed,source_field,REG-0057 WEB-0022,,
C0063.02,C0063,Maldmoor Plumbing,location,"Bramfield, WI",2 of 2 record(s) place the company in WI,"business_registry, web_listing",confirmed,observed,source_field,REG-0057 WEB-0022,,
C0063.03,C0063,Maldmoor Plumbing,entity_resolution,2 record(s) from 2 source(s),"merged pairs: REG-0057~WEB-0022 (name 100, same ZIP)","business_registry, web_listing",strong,observed,entity_resolution,REG-0057 WEB-0022,,
C0063.04,C0063,Maldmoor Plumbing,legal_name,"Prynstead Holdings, LLC",name with legal suffix as printed in REG-0057,business_registry,strong,observed,source_field,REG-0057,,
C0063.05,C0063,Maldmoor Plumbing,website,maldmoorplumbing.example,website listed in 1 record(s),web_listing,strong,observed,source_field,WEB-0022,,
C0063.06,C0063,Maldmoor Plumbing,naics_code,238220,NAICS 238220 (in thesis list),business_registry,confirmed,observed,source_field,REG-0057,,
C0063.07,C0063,Maldmoor Plumbing,services_listed,Plumbing contractor; drain cleaning; commercial plumbing; water heater installation; design-build installation,service and category text from 1 record(s),web_listing,strong,observed,source_field,WEB-0022,,
C0063.08,C0063,Maldmoor Plumbing,fit_tier,D,"D (no sector evidence): adjacent-trade keywords ['plumbing', 'drain', 'water heater']",derived,inferred,derived,keyword_rule,,C0063.07,
C0063.09,C0063,Maldmoor Plumbing,adjacent_trade,yes,"service text matches ['plumbing', 'drain', 'water heater'] and no sector keyword",derived,inferred,derived,keyword_rule,,C0063.07,
C0063.10,C0063,Maldmoor Plumbing,segment,unknown,segment keyword hits: none,derived,weak,derived,keyword_count,,C0063.07 C0063.01,
C0063.11,C0063,Maldmoor Plumbing,service_mix,install_heavy,"recurring terms none vs install terms ['installation', 'design-build']",derived,inferred,derived,keyword_count,,C0063.07,
C0063.12,C0063,Maldmoor Plumbing,ebitda_estimate,unsized,no size signal in any source record,derived,weak,derived,lognormal_model,,C0063.03,
C0063.13,C0063,Maldmoor Plumbing,presence:commercial_db_a,not found,no same-state listing reached 90; best score 40,commercial_db_a,inferred,external,fuzzy_name_match,,,query: Maldmoor Plumbing (WI)
C0063.14,C0063,Maldmoor Plumbing,presence:commercial_db_b,not found,no same-state listing reached 90; best score 39,commercial_db_b,inferred,external,fuzzy_name_match,,,query: Maldmoor Plumbing (WI)
C0063.15,C0063,Maldmoor Plumbing,presence:investor_db,not found,no same-state listing reached 90; best score 33,investor_db,inferred,external,fuzzy_name_match,,,query: Maldmoor Plumbing (WI)
C0063.16,C0063,Maldmoor Plumbing,obviousness,0.1,(0.35xcommercial_db_a(0) + 0.30xcommercial_db_b(0) + 0.25xinvestor_db(0) + 0.10x website(1)) / total weight = 0.10; non-obvious (cut-off 0.30),derived,inferred,derived,weighted_presence,,C0063.13 C0063.14 C0063.15 C0063.05,
C0063.17,C0063,Maldmoor Plumbing,screen,excluded: adjacent_trade,state WI vs thesis states; fit tier D; exclusions: adjacent_trade,derived,inferred,derived,scope_rules,,C0063.02 C0063.08,
C0064.01,C0064,Pellwick Sprinkler,name,Pellwick Sprinkler,"operating name chosen by trust-weighted vote over 2 record(s); spelled 'Pellwick Sprinkler Co, LLC' in REG-0058","business_registry, web_listing",confirmed,observed,source_field,REG-0058 WEB-0045,,
C0064.02,C0064,Pellwick Sprinkler,location,"Larkford, SD",2 of 2 record(s) place the company in SD,"business_registry, web_listing",confirmed,observed,source_field,REG-0058 WEB-0045,,
C0064.03,C0064,Pellwick Sprinkler,entity_resolution,2 record(s) from 2 source(s),merged pairs: REG-0058~WEB-0045 (name 100),"business_registry, web_listing",strong,observed,entity_resolution,REG-0058 WEB-0045,,
C0064.04,C0064,Pellwick Sprinkler,legal_name,"Pellwick Sprinkler Co, LLC",name with legal suffix as printed in REG-0058,business_registry,strong,observed,source_field,REG-0058,,
C0064.05,C0064,Pellwick Sprinkler,website,pellwickfire.example,website listed in 1 record(s),web_listing,strong,observed,source_field,WEB-0045,,
C0064.06,C0064,Pellwick Sprinkler,naics_code,238220,NAICS 238220 (in thesis list),business_registry,confirmed,observed,source_field,REG-0058,,
C0064.07,C0064,Pellwick Sprinkler,services_listed,Fire sprinkler contractor; fire sprinkler installation; sprinkler inspection; standpipe service; maintenance agreements; installation and service,service and category text from 1 record(s),web_listing,strong,observed,source_field,WEB-0045,,
C0064.08,C0064,Pellwick Sprinkler,fit_tier,A,"A (verified): in-thesis NAICS and service keywords ['fire sprinkler', 'sprinkler']",derived,strong,derived,keyword_rule,,C0064.06 C0064.07,
C0064.09,C0064,Pellwick Sprinkler,segment,sprinkler,"segment keyword hits: sprinkler 2.5, inspection 1",derived,inferred,derived,keyword_count,,C0064.07 C0064.01,
C0064.10,C0064,Pellwick Sprinkler,service_mix,recurring_heavy,"recurring terms ['inspection', 'maintenance'] vs install terms ['installation']",derived,inferred,derived,keyword_count,,C0064.07,
C0064.11,C0064,Pellwick Sprinkler,size_signal:employee_band,10-19,REG-0058 reports employee band 10-19 -> 10-19 employees (weight 1),business_registry,strong,observed,size_signal,REG-0058,,
C0064.12,C0064,Pellwick Sprinkler,employees_range,10-19,1 signal(s); midpoint 14; size confidence low,derived,weak,derived,weighted_geometric_mean,,C0064.11,
C0064.13,C0064,Pellwick Sprinkler,ebitda_estimate,394474,"14 employees x $177k revenue/employee (sprinkler) x 16.1% margin (recurring_heavy) = $0.39M median; 95% range $0.20M-$0.80M (sigma 0.36, endpoints)",derived,weak,derived,lognormal_model,,C0064.12 C0064.09 C0064.10,
C0064.14,C0064,Pellwick Sprinkler,p_ebitda_ge_min,0.005,"log-normal(mu=12.89, sigma=0.36): P(EBITDA >= $1.00M)",derived,weak,derived,lognormal_model,,C0064.13,
C0064.15,C0064,Pellwick Sprinkler,p_ebitda_in_band,0.005,"log-normal(mu=12.89, sigma=0.36): P($1.00M <= EBITDA <= $5.00M)",derived,weak,derived,lognormal_model,,C0064.13,
C0064.16,C0064,Pellwick Sprinkler,presence:commercial_db_a,not found,no same-state listing reached 90; best score 46,commercial_db_a,inferred,external,fuzzy_name_match,,,query: Pellwick Sprinkler (SD)
C0064.17,C0064,Pellwick Sprinkler,presence:commercial_db_b,not found,no same-state listing reached 90; best score 35,commercial_db_b,inferred,external,fuzzy_name_match,,,query: Pellwick Sprinkler (SD)
C0064.18,C0064,Pellwick Sprinkler,presence:investor_db,not found,no same-state listing reached 90; best score 36,investor_db,inferred,external,fuzzy_name_match,,,query: Pellwick Sprinkler (SD)
C0064.19,C0064,Pellwick Sprinkler,obviousness,0.1,(0.35xcommercial_db_a(0) + 0.30xcommercial_db_b(0) + 0.25xinvestor_db(0) + 0.10x website(1)) / total weight = 0.10; non-obvious (cut-off 0.30),derived,inferred,derived,weighted_presence,,C0064.16 C0064.17 C0064.18 C0064.05,
C0064.20,C0064,Pellwick Sprinkler,screen,in scope,state SD vs thesis states; fit tier A; passes every screen,derived,inferred,derived,scope_rules,,C0064.02 C0064.08,
C0065.01,C0065,Carvbourne Fire Sprinkler Systems,name,Carvbourne Fire Sprinkler Systems,"operating name chosen by trust-weighted vote over 1 record(s); spelled 'Carvbourne Fire Sprinkler Systems, Inc.' in WEB-0005",web_listing,strong,observed,source_field,WEB-0005,,
C0065.02,C0065,Carvbourne Fire Sprinkler Systems,location,"Foxview, PA",1 of 1 record(s) place the company in PA,web_listing,strong,observed,source_field,WEB-0005,,
C0065.03,C0065,Carvbourne Fire Sprinkler Systems,entity_resolution,1 record(s) from 1 source(s),no other record scored at or above the merge threshold,web_listing,strong,observed,entity_resolution,WEB-0005,,
C0065.04,C0065,Carvbourne Fire Sprinkler Systems,legal_name,"Carvbourne Fire Sprinkler Systems, Inc.",name with legal suffix as printed in WEB-0005,web_listing,strong,observed,source_field,WEB-0005,,
C0065.05,C0065,Carvbourne Fire Sprinkler Systems,website,carvbournefire.example,website listed in 1 record(s),web_listing,strong,observed,source_field,WEB-0005,,
C0065.06,C0065,Carvbourne Fire Sprinkler Systems,services_listed,Fire sprinkler contractor; backflow testing; standpipe service; fire pump testing; installation and service; maintenance agreements,service and category text from 1 record(s),web_listing,strong,observed,source_field,WEB-0005,,
C0065.07,C0065,Carvbourne Fire Sprinkler Systems,fit_tier,B,"B (likely): service keywords ['fire sprinkler', 'sprinkler', 'fire pump']",derived,inferred,derived,keyword_rule,,C0065.06,
C0065.08,C0065,Carvbourne Fire Sprinkler Systems,segment,sprinkler,"segment keyword hits: sprinkler 4.5, inspection 1",derived,inferred,derived,keyword_count,,C0065.06 C0065.01,
C0065.09,C0065,Carvbourne Fire Sprinkler Systems,service_mix,recurring_heavy,"recurring terms ['testing', 'maintenance'] vs install terms ['installation']",derived,inferred,derived,keyword_count,,C0065.06,
C0065.10,C0065,Carvbourne Fire Sprinkler Systems,ebitda_estimate,unsized,no size signal in any source record,derived,weak,derived,lognormal_model,,C0065.03,
C0065.11,C0065,Carvbourne Fire Sprinkler Systems,presence:commercial_db_a,found,listing DBA-0020 'Carvbourne Fire Sprinkler Systems' matched at 100,commercial_db_a,confirmed,external,fuzzy_name_match,,,DBA-0020
C0065.12,C0065,Carvbourne Fire Sprinkler Systems,presence:commercial_db_b,found,listing DBB-0032 'Carvbourne Fire Sprinkler Systems' matched at 100,commercial_db_b,confirmed,external,fuzzy_name_match,,,DBB-0032
C0065.13,C0065,Carvbourne Fire Sprinkler Systems,presence:investor_db,not found,no same-state listing reached 90; best score 46,investor_db,inferred,external,fuzzy_name_match,,,query: Carvbourne Fire Sprinkler Systems (PA)
C0065.14,C0065,Carvbourne Fire Sprinkler Systems,obviousness,0.75,(0.35xcommercial_db_a(1) + 0.30xcommercial_db_b(1) + 0.25xinvestor_db(0) + 0.10x website(1)) / total weight = 0.75; obvious (cut-off 0.30),derived,inferred,derived,weighted_presence,,C0065.11 C0065.12 C0065.13 C0065.05,
C0065.15,C0065,Carvbourne Fire Sprinkler Systems,screen,excluded: out_of_geography,state PA vs thesis states; fit tier B; exclusions: out_of_geography,derived,inferred,derived,scope_rules,,C0065.02 C0065.07,
C0066.01,C0066,Grelley Home,name,Grelley Home,operating name chosen by trust-weighted vote over 1 record(s); spelled 'Grelley Home' in WEB-0008,web_listing,strong,observed,source_field,WEB-0008,,
C0066.02,C0066,Grelley Home,location,"Hollowville, ND",1 of 1 record(s) place the company in ND,web_listing,strong,observed,source_field,WEB-0008,,
C0066.03,C0066,Grelley Home,entity_resolution,1 record(s) from 1 source(s),no other record scored at or above the merge threshold,web_listing,strong,observed,entity_resolution,WEB-0008,,
C0066.04,C0066,Grelley Home,website,grelleyinspect.example,website listed in 1 record(s),web_listing,strong,observed,source_field,WEB-0008,,
C0066.05,C0066,Grelley Home,services_listed,Home inspector; serving homeowners; radon testing; home inspections; new construction; tenant finish,service and category text from 1 record(s),web_listing,strong,observed,source_field,WEB-0008,,
C0066.06,C0066,Grelley Home,fit_tier,D,"D (no sector evidence): adjacent-trade keywords ['home inspection', 'radon']",derived,inferred,derived,keyword_rule,,C0066.05,
C0066.07,C0066,Grelley Home,adjacent_trade,yes,"service text matches ['home inspection', 'radon'] and no sector keyword",derived,inferred,derived,keyword_rule,,C0066.05,
C0066.08,C0066,Grelley Home,residential_only,yes,service text matches ['serving homeowners'],derived,inferred,derived,keyword_rule,,C0066.05,
C0066.09,C0066,Grelley Home,segment,inspection,segment keyword hits: inspection 2,derived,inferred,derived,keyword_count,,C0066.05 C0066.01,
C0066.10,C0066,Grelley Home,service_mix,mixed,"recurring terms ['inspection', 'testing'] vs install terms ['new construction', 'tenant finish']",derived,inferred,derived,keyword_count,,C0066.05,
C0066.11,C0066,Grelley Home,size_signal:stated_headcount,30,WEB-0008 reports stated headcount 30 -> 26-38 employees (weight 0.9),web_listing,strong,observed,size_signal,WEB-0008,,
C0066.12,C0066,Grelley Home,employees_range,26-38,1 signal(s); midpoint 31; size confidence low,derived,weak,derived,weighted_geometric_mean,,C0066.11,
C0066.13,C0066,Grelley Home,ebitda_estimate,530585,"31 employees x $136k revenue/employee (inspection) x 12.6% margin (mixed) = $0.53M median; 95% range $0.29M-$0.96M (sigma 0.30, endpoints)",derived,weak,derived,lognormal_model,,C0066.12 C0066.09 C0066.10,
C0066.14,C0066,Grelley Home,p_ebitda_ge_min,0.018,"log-normal(mu=13.18, sigma=0.30): P(EBITDA >= $1.00M)",derived,weak,derived,lognormal_model,,C0066.13,
C0066.15,C0066,Grelley Home,p_ebitda_in_band,0.018,"log-normal(mu=13.18, sigma=0.30): P($1.00M <= EBITDA <= $5.00M)",derived,weak,derived,lognormal_model,,C0066.13,
C0066.16,C0066,Grelley Home,presence:commercial_db_a,not found,no same-state listing reached 90; best score 31,commercial_db_a,inferred,external,fuzzy_name_match,,,query: Grelley Home (ND)
C0066.17,C0066,Grelley Home,presence:commercial_db_b,not found,no same-state listing reached 90; best score 28,commercial_db_b,inferred,external,fuzzy_name_match,,,query: Grelley Home (ND)
C0066.18,C0066,Grelley Home,presence:investor_db,not found,no same-state listing reached 90; best score 29,investor_db,inferred,external,fuzzy_name_match,,,query: Grelley Home (ND)
C0066.19,C0066,Grelley Home,obviousness,0.1,(0.35xcommercial_db_a(0) + 0.30xcommercial_db_b(0) + 0.25xinvestor_db(0) + 0.10x website(1)) / total weight = 0.10; non-obvious (cut-off 0.30),derived,inferred,derived,weighted_presence,,C0066.16 C0066.17 C0066.18 C0066.04,
C0066.20,C0066,Grelley Home,screen,"excluded: adjacent_trade, residential_only","state ND vs thesis states; fit tier D; exclusions: adjacent_trade, residential_only",derived,inferred,derived,scope_rules,,C0066.02 C0066.06 C0066.08,
C0018.23,C0018,Maldmere Fire Sprinkler Systems,composite_score,96.25,100 x (0.45 x P(in band) 0.92 + 0.25 x fit 1.00 + 0.2 x (1 - obviousness) 1.00 + 0.1 x evidence 1.00) / 1; rank 1 of 42; tier Priority,derived,inferred,derived,weighted_sum,,C0018.17 C0018.08 C0018.21 C0018.03,
C0006.22,C0006,Lombfield Fire Inspection Services,composite_score,92.77,100 x (0.45 x P(in band) 0.88 + 0.25 x fit 1.00 + 0.2 x (1 - obviousness) 1.00 + 0.1 x evidence 0.82) / 1; rank 2 of 42; tier Priority,derived,inferred,derived,weighted_sum,,C0006.16 C0006.08 C0006.20 C0006.03,
C0008.23,C0008,Lomblund Fire and Alarm,composite_score,87.07,100 x (0.45 x P(in band) 0.93 + 0.25 x fit 1.00 + 0.2 x (1 - obviousness) 0.60 + 0.1 x evidence 0.82) / 1; rank 3 of 42; tier Priority,derived,inferred,derived,weighted_sum,,C0008.17 C0008.09 C0008.21 C0008.03,
C0034.23,C0034,Veltthwaite Fire Detection,composite_score,84.59,100 x (0.45 x P(in band) 0.74 + 0.25 x fit 1.00 + 0.2 x (1 - obviousness) 0.90 + 0.1 x evidence 0.82) / 1; rank 4 of 42; tier Priority,derived,inferred,derived,weighted_sum,,C0034.17 C0034.09 C0034.21 C0034.03,
C0007.23,C0007,Ruskfield Fire Extinguisher,composite_score,84.29,100 x (0.45 x P(in band) 0.73 + 0.25 x fit 1.00 + 0.2 x (1 - obviousness) 0.90 + 0.1 x evidence 0.82) / 1; rank 5 of 42; tier Priority,derived,inferred,derived,weighted_sum,,C0007.17 C0007.09 C0007.21 C0007.03,
C0038.21,C0038,Dovrvane Fire Alarm,composite_score,80.33,100 x (0.45 x P(in band) 0.82 + 0.25 x fit 1.00 + 0.2 x (1 - obviousness) 0.60 + 0.1 x evidence 0.66) / 1; rank 6 of 42; tier Priority,derived,inferred,derived,weighted_sum,,C0038.15 C0038.07 C0038.19 C0038.03,
C0025.21,C0025,Tambholt Sprinkler,composite_score,79.77,100 x (0.45 x P(in band) 0.76 + 0.25 x fit 1.00 + 0.2 x (1 - obviousness) 0.70 + 0.1 x evidence 0.66) / 1; rank 7 of 42; tier Priority,derived,inferred,derived,weighted_sum,,C0025.15 C0025.07 C0025.19 C0025.03,
C0013.23,C0013,Maldshaw Life Safety Systems,composite_score,76.61,100 x (0.45 x P(in band) 0.56 + 0.25 x fit 1.00 + 0.2 x (1 - obviousness) 0.90 + 0.1 x evidence 0.82) / 1; rank 8 of 42; tier Priority,derived,inferred,derived,weighted_sum,,C0013.17 C0013.09 C0013.21 C0013.03,
C0035.24,C0035,Wexllund Fire Sprinkler Systems,composite_score,76.03,100 x (0.45 x P(in band) 0.80 + 0.25 x fit 1.00 + 0.2 x (1 - obviousness) 0.25 + 0.1 x evidence 1.00) / 1; rank 9 of 42; tier Priority,derived,inferred,derived,weighted_sum,,C0035.18 C0035.09 C0035.22 C0035.03,
C0005.21,C0005,Kivelrigg Fire Equipment,composite_score,75.07,100 x (0.45 x P(in band) 0.72 + 0.25 x fit 1.00 + 0.2 x (1 - obviousness) 0.55 + 0.1 x evidence 0.68) / 1; rank 10 of 42; tier Priority,derived,inferred,derived,weighted_sum,,C0005.15 C0005.08 C0005.19 C0005.03,
C0037.23,C0037,Bexllund Fire Sprinkler,composite_score,74.82,100 x (0.45 x P(in band) 0.79 + 0.25 x fit 1.00 + 0.2 x (1 - obviousness) 0.30 + 0.1 x evidence 0.82) / 1; rank 11 of 42; tier Priority,derived,inferred,derived,weighted_sum,,C0037.17 C0037.09 C0037.21 C0037.03,
C0011.21,C0011,Jaststead Fire Extinguisher,composite_score,73.92,100 x (0.45 x P(in band) 0.46 + 0.25 x fit 1.00 + 0.2 x (1 - obviousness) 1.00 + 0.1 x evidence 0.82) / 1; rank 12 of 42; tier Priority,derived,inferred,derived,weighted_sum,,C0011.15 C0011.07 C0011.19 C0011.03,
C0032.22,C0032,Braxhurst Extinguisher Service,composite_score,73.29,100 x (0.45 x P(in band) 0.73 + 0.25 x fit 1.00 + 0.2 x (1 - obviousness) 0.35 + 0.1 x evidence 0.82) / 1; rank 13 of 42; tier Watchlist,derived,inferred,derived,weighted_sum,,C0032.16 C0032.08 C0032.20 C0032.03,
C0041.21,C0041,Heskrigg Fire Protection,composite_score,71.88,100 x (0.45 x P(in band) 0.65 + 0.25 x fit 1.00 + 0.2 x (1 - obviousness) 0.55 + 0.1 x evidence 0.66) / 1; rank 14 of 42; tier Watchlist,derived,inferred,derived,weighted_sum,,C0041.15 C0041.07 C0041.19 C0041.03,
C0059.19,C0059,Maldmere Fire Sprinkler Systems,composite_score,69.38,100 x (0.45 x P(in band) 0.74 + 0.25 x fit 0.75 + 0.2 x (1 - obviousness) 0.70 + 0.1 x evidence 0.34) / 1; rank 15 of 42; tier Watchlist,derived,inferred,derived,weighted_sum,,C0059.13 C0059.06 C0059.17 C0059.03,
C0004.24,C0004,Sovrlund Fire and Life Safety,composite_score,66.82,100 x (0.45 x P(in band) 0.31 + 0.25 x fit 1.00 + 0.2 x (1 - obviousness) 0.90 + 0.1 x evidence 1.00) / 1; rank 16 of 42; tier Watchlist,derived,inferred,derived,weighted_sum,,C0004.18 C0004.09 C0004.22 C0004.03,
C0039.22,C0039,Ulvvane Fire Detection,composite_score,66.33,100 x (0.45 x P(in band) 0.45 + 0.25 x fit 1.00 + 0.2 x (1 - obviousness) 0.65 + 0.1 x evidence 0.82) / 1; rank 17 of 42; tier Watchlist,derived,inferred,derived,weighted_sum,,C0039.16 C0039.08 C0039.20 C0039.03,
C0044.20,C0044,Fylfield Fire Sprinkler,composite_score,66.03,100 x (0.45 x P(in band) 0.32 + 0.25 x fit 1.00 + 0.2 x (1 - obviousness) 1.00 + 0.1 x evidence 0.66) / 1; rank 18 of 42; tier Watchlist,derived,inferred,derived,weighted_sum,,C0044.14 C0044.06 C0044.18 C0044.03,
C0028.20,C0028,Haldwick Life Safety Inspections,composite_score,64.34,100 x (0.45 x P(in band) 0.61 + 0.25 x fit 1.00 + 0.2 x (1 - obviousness) 0.35 + 0.1 x evidence 0.51) / 1; rank 19 of 42; tier Watchlist,derived,inferred,derived,weighted_sum,,C0028.14 C0028.07 C0028.18 C0028.03,
C0030.21,C0030,Greldell Fire Sprinkler Systems,composite_score,62.18,100 x (0.45 x P(in band) 0.24 + 0.25 x fit 1.00 + 0.2 x (1 - obviousness) 1.00 + 0.1 x evidence 0.66) / 1; rank 20 of 42; tier Watchlist,derived,inferred,derived,weighted_sum,,C0030.15 C0030.07 C0030.19 C0030.03,
C0010.22,C0010,Lombcrest Fire & Life Safety,composite_score,61.58,100 x (0.45 x P(in band) 0.19 + 0.25 x fit 1.00 + 0.2 x (1 - obviousness) 1.00 + 0.1 x evidence 0.82) / 1; rank 21 of 42; tier Watchlist,derived,inferred,derived,weighted_sum,,C0010.16 C0010.08 C0010.20 C0010.03,
C0017.21,C0017,Wexlgard Fire Inspection Services,composite_score,58.08,100 x (0.45 x P(in band) 0.19 + 0.25 x fit 1.00 + 0.2 x (1 - obviousness) 0.90 + 0.1 x evidence 0.68) / 1; rank 22 of 42; tier Watchlist,derived,inferred,derived,weighted_sum,,C0017.15 C0017.08 C0017.19 C0017.03,
C0060.19,C0060,Jastrigg Plumbing,composite_score,55.92,100 x (0.45 x P(in band) 0.66 + 0.25 x fit 0.40 + 0.2 x (1 - obviousness) 0.65 + 0.1 x evidence 0.34) / 1; rank 23 of 42; tier Watchlist,derived,inferred,derived,weighted_sum,,C0060.13 C0060.06 C0060.17 C0060.03,
C0002.22,C0002,Ruskwyn Fire Alarm,composite_score,55.09,100 x (0.45 x P(in band) 0.12 + 0.25 x fit 1.00 + 0.2 x (1 - obviousness) 0.90 + 0.1 x evidence 0.68) / 1; rank 24 of 42; tier Watchlist,derived,inferred,derived,weighted_sum,,C0002.16 C0002.09 C0002.20 C0002.03,
C0014.22,C0014,Haldridge Fire Detection,composite_score,55.02,100 x (0.45 x P(in band) 0.17 + 0.25 x fit 1.00 + 0.2 x (1 - obviousness) 0.70 + 0.1 x evidence 0.82) / 1; rank 25 of 42; tier Watchlist,derived,inferred,derived,weighted_sum,,C0014.16 C0014.08 C0014.20 C0014.03,
C0012.20,C0012,Ulvwick Fire Sprinkler,composite_score,54.69,100 x (0.45 x P(in band) 0.35 + 0.25 x fit 1.00 + 0.2 x (1 - obviousness) 0.35 + 0.1 x evidence 0.68) / 1; rank 26 of 42; tier Watchlist,derived,inferred,derived,weighted_sum,,C0012.14 C0012.07 C0012.18 C0012.03,
C0042.23,C0042,Torvbourne Sprinkler,composite_score,53.38,100 x (0.45 x P(in band) 0.05 + 0.25 x fit 1.00 + 0.2 x (1 - obviousness) 0.90 + 0.1 x evidence 0.82) / 1; rank 27 of 42; tier Watchlist,derived,inferred,derived,weighted_sum,,C0042.17 C0042.09 C0042.21 C0042.03,
C0024.19,C0024,Creskgard Sprinkler,composite_score,52.19,100 x (0.45 x P(in band) 0.33 + 0.25 x fit 1.00 + 0.2 x (1 - obviousness) 0.45 + 0.1 x evidence 0.34) / 1; rank 28 of 42; tier Watchlist,derived,inferred,derived,weighted_sum,,C0024.13 C0024.06 C0024.17 C0024.03,
C0020.21,C0020,Ulvholt Electrical Contractors,composite_score,51.83,100 x (0.45 x P(in band) 0.01 + 0.25 x fit 1.00 + 0.2 x (1 - obviousness) 1.00 + 0.1 x evidence 0.66) / 1; rank 29 of 42; tier Watchlist,derived,inferred,derived,weighted_sum,,C0020.15 C0020.07 C0020.19 C0020.03,
C0045.19,C0045,Creskley Fire Detection,composite_score,51.12,100 x (0.45 x P(in band) 0.20 + 0.25 x fit 0.75 + 0.2 x (1 - obviousness) 1.00 + 0.1 x evidence 0.34) / 1; rank 30 of 42; tier Watchlist,derived,inferred,derived,weighted_sum,,C0045.13 C0045.06 C0045.17 C0045.03,
C0046.21,C0046,Yorvthwaite Fire & Alarm,composite_score,51.11,100 x (0.45 x P(in band) 0.33 + 0.25 x fit 1.00 + 0.2 x (1 - obviousness) 0.30 + 0.1 x evidence 0.51) / 1; rank 31 of 42; tier Watchlist,derived,inferred,derived,weighted_sum,,C0046.15 C0046.08 C0046.19 C0046.03,
C0021.20,C0021,Fylley Sprinkler,composite_score,51.04,100 x (0.45 x P(in band) 0.15 + 0.25 x fit 1.00 + 0.2 x (1 - obviousness) 0.70 + 0.1 x evidence 0.51) / 1; rank 32 of 42; tier Watchlist,derived,inferred,derived,weighted_sum,,C0021.14 C0021.07 C0021.18 C0021.03,
C0009.16,C0009,Lombridge Fire Safety Services,composite_score,50,100 x (0.45 x P(in band) 0.00 + 0.25 x fit 1.00 + 0.2 x (1 - obviousness) 1.00 + 0.1 x evidence 0.50) / 1; rank 33 of 42; tier Watchlist,derived,inferred,derived,weighted_sum,,C0009.10 C0009.07 C0009.14 C0009.03,
C0064.21,C0064,Pellwick Sprinkler,composite_score,48.3,100 x (0.45 x P(in band) 0.00 + 0.25 x fit 1.00 + 0.2 x (1 - obviousness) 0.90 + 0.1 x evidence 0.51) / 1; rank 34 of 42; tier Watchlist,derived,inferred,derived,weighted_sum,,C0064.15 C0064.08 C0064.19 C0064.03,
C0016.22,C0016,Ruskmoor Fire Protection,composite_score,47.47,100 x (0.45 x P(in band) 0.00 + 0.25 x fit 1.00 + 0.2 x (1 - obviousness) 0.70 + 0.1 x evidence 0.82) / 1; rank 35 of 42; tier Watchlist,derived,inferred,derived,weighted_sum,,C0016.16 C0016.08 C0016.20 C0016.03,
C0015.21,C0015,Ruskwyn Fire Alarm,composite_score,45.95,100 x (0.45 x P(in band) 0.05 + 0.25 x fit 1.00 + 0.2 x (1 - obviousness) 0.60 + 0.1 x evidence 0.68) / 1; rank 36 of 42; tier Watchlist,derived,inferred,derived,weighted_sum,,C0015.15 C0015.08 C0015.19 C0015.03,
C0019.22,C0019,Ulvstow Fire Sprinkler Systems,composite_score,40.58,100 x (0.45 x P(in band) 0.01 + 0.25 x fit 1.00 + 0.2 x (1 - obviousness) 0.35 + 0.1 x evidence 0.82) / 1; rank 37 of 42; tier Watchlist,derived,inferred,derived,weighted_sum,,C0019.16 C0019.08 C0019.20 C0019.03,
C0053.20,C0053,Zennstead Life Safety Systems,composite_score,34.28,100 x (0.45 x P(in band) 0.05 + 0.25 x fit 1.00 + 0.2 x (1 - obviousness) 0.10 + 0.1 x evidence 0.51) / 1; rank 38 of 42; tier Watchlist,derived,inferred,derived,weighted_sum,,C0053.14 C0053.07 C0053.18 C0053.03,
C0056.17,C0056,Dovrstow Fire Alarm,composite_score,33.33,100 x (0.45 x P(in band) 0.00 + 0.25 x fit 1.00 + 0.2 x (1 - obviousness) 0.25 + 0.1 x evidence 0.33) / 1; rank 39 of 42; tier Watchlist,derived,inferred,derived,weighted_sum,,C0056.11 C0056.08 C0056.15 C0056.03,
C0051.15,C0051,Maldstow HVAC Services,composite_score,31.67,100 x (0.45 x P(in band) 0.00 + 0.25 x fit 0.40 + 0.2 x (1 - obviousness) 1.00 + 0.1 x evidence 0.17) / 1; rank 40 of 42; tier Watchlist,derived,inferred,derived,weighted_sum,,C0051.09 C0051.06 C0051.13 C0051.03,
C0052.15,C0052,Creskholt Electric,composite_score,31.67,100 x (0.45 x P(in band) 0.00 + 0.25 x fit 0.40 + 0.2 x (1 - obviousness) 1.00 + 0.1 x evidence 0.17) / 1; rank 41 of 42; tier Watchlist,derived,inferred,derived,weighted_sum,,C0052.09 C0052.06 C0052.13 C0052.03,
C0055.15,C0055,Grelley Home Inspections,composite_score,31.67,100 x (0.45 x P(in band) 0.00 + 0.25 x fit 0.40 + 0.2 x (1 - obviousness) 1.00 + 0.1 x evidence 0.17) / 1; rank 42 of 42; tier Watchlist,derived,inferred,derived,weighted_sum,,C0055.09 C0055.06 C0055.13 C0055.03,
